Training_set,Task,Mod,precision_-1,precision_0,precision_1,recall_-1,recall_0,recall_1,f1-score_-1,f1-score_0,f1-score_1,accuracy
#1,Task1,activation='identity',0.85,0.42,0.56,0.97,0.08,0.37,0.9,0.13,0.44,0.82
#1,Task1,activation='logistic',0.86,0.42,0.61,0.97,0.13,0.38,0.91,0.2,0.47,0.83
#1,Task1,activation='tanh',0.84,0.58,0.58,0.98,0.05,0.31,0.9,0.09,0.4,0.82
#1,Task1,activation='relu',0.85,0.49,0.58,0.97,0.1,0.43,0.91,0.17,0.49,0.83
#1,Task1,alpha=0.1,0.84,0.41,0.58,0.98,0.05,0.29,0.9,0.09,0.39,0.82
#1,Task1,alpha=0.001,0.86,0.39,0.62,0.96,0.15,0.38,0.91,0.22,0.47,0.83
#1,Task1,alpha=1e-05,0.83,0.48,0.61,0.98,0.04,0.28,0.9,0.07,0.38,0.82
#1,Task1,batch_size=16,0.85,0.4,0.59,0.96,0.15,0.37,0.9,0.22,0.45,0.82
#1,Task1,batch_size=64,0.86,0.42,0.56,0.95,0.19,0.43,0.9,0.26,0.49,0.82
#1,Task1,batch_size=256,0.85,0.39,0.55,0.96,0.11,0.4,0.9,0.17,0.46,0.82
#1,Task1,batch_size=1024,0.85,0.51,0.58,0.97,0.07,0.39,0.9,0.12,0.47,0.83
#1,Task1,hidden_layer_sizes=(100),0.86,0.44,0.58,0.96,0.18,0.4,0.9,0.25,0.47,0.82
#1,Task1,"hidden_layer_sizes=(500,)",0.85,0.42,0.57,0.96,0.15,0.38,0.9,0.22,0.45,0.82
#1,Task1,"hidden_layer_sizes=(1000,)",0.85,0.43,0.62,0.97,0.12,0.38,0.91,0.18,0.47,0.83
#1,Task1,"hidden_layer_sizes=(100, 5)",0.84,0.0,0.58,0.98,0.0,0.4,0.91,0.0,0.47,0.83
#1,Task1,"hidden_layer_sizes=(500, 5)",0.87,0.5,0.52,0.95,0.19,0.48,0.91,0.28,0.5,0.83
#1,Task1,"hidden_layer_sizes=(1000, 5)",0.83,0.0,0.57,0.98,0.0,0.35,0.9,0.0,0.43,0.82
#1,Task1,"hidden_layer_sizes=(100, 10)",0.86,0.45,0.62,0.97,0.13,0.41,0.91,0.2,0.49,0.83
#1,Task1,"hidden_layer_sizes=(500, 10)",0.87,0.42,0.53,0.94,0.17,0.51,0.9,0.25,0.52,0.82
#1,Task1,"hidden_layer_sizes=(1000, 10)",0.89,0.35,0.54,0.9,0.32,0.53,0.9,0.34,0.54,0.81
#1,Task1,"hidden_layer_sizes=(100, 50)",0.85,0.39,0.57,0.96,0.09,0.39,0.9,0.15,0.47,0.82
#1,Task1,"hidden_layer_sizes=(500, 50)",0.84,0.48,0.64,0.98,0.06,0.35,0.91,0.1,0.46,0.83
#1,Task1,"hidden_layer_sizes=(1000, 50)",0.84,0.38,0.56,0.98,0.02,0.34,0.9,0.05,0.42,0.82
#1,Task1,"hidden_layer_sizes=(100, 100)",0.87,0.37,0.56,0.94,0.23,0.42,0.9,0.29,0.48,0.82
#1,Task1,"hidden_layer_sizes=(500, 100)",0.86,0.41,0.59,0.94,0.21,0.43,0.9,0.28,0.5,0.82
#1,Task1,"hidden_layer_sizes=(1000, 100)",0.85,0.44,0.56,0.97,0.05,0.44,0.91,0.09,0.49,0.83
#1,Task1,learning_rate='constant',0.86,0.43,0.62,0.95,0.25,0.36,0.91,0.32,0.46,0.83
#1,Task1,learning_rate='invscaling',0.86,0.44,0.59,0.96,0.14,0.43,0.91,0.21,0.5,0.83
#1,Task1,learning_rate='adaptive',0.87,0.37,0.54,0.92,0.22,0.52,0.9,0.27,0.53,0.81
#1,Task1,max_iter=10,0.86,0.43,0.56,0.96,0.1,0.46,0.91,0.17,0.51,0.83
#1,Task1,max_iter=50,0.83,0.47,0.64,0.98,0.07,0.23,0.9,0.13,0.34,0.82
#1,Task1,max_iter=250,0.85,0.45,0.6,0.97,0.09,0.42,0.91,0.14,0.49,0.83
#1,Task1,n_iter_no_change=5,0.86,0.46,0.57,0.96,0.12,0.43,0.91,0.19,0.49,0.83
#1,Task1,n_iter_no_change=10,0.86,0.41,0.58,0.96,0.17,0.38,0.9,0.24,0.46,0.82
#1,Task1,nesterovs_momentum=True,0.84,0.45,0.58,0.98,0.06,0.28,0.9,0.1,0.38,0.82
#1,Task1,nesterovs_momentum=False,0.85,0.48,0.58,0.97,0.06,0.44,0.91,0.11,0.5,0.83
#1,Task1,solver='adam',0.85,0.45,0.6,0.97,0.05,0.42,0.91,0.1,0.49,0.83
#1,Task1,solver='lbfgs',0.88,0.38,0.5,0.9,0.34,0.46,0.89,0.36,0.48,0.8
#1,Task1,solver='sgd',0.85,0.45,0.59,0.97,0.09,0.35,0.91,0.15,0.44,0.82
#1,Task1,tol=0.1,0.86,0.47,0.6,0.97,0.12,0.43,0.91,0.19,0.5,0.83
#1,Task1,tol=0.001,0.87,0.41,0.57,0.94,0.21,0.43,0.9,0.28,0.49,0.82
#1,Task1,tol=1e-05,0.86,0.41,0.61,0.96,0.16,0.38,0.91,0.23,0.47,0.83
#1,Task2,activation='identity',0.95,0.46,0.41,0.99,0.17,0.17,0.97,0.25,0.24,0.94
#1,Task2,activation='logistic',0.95,0.65,0.43,0.99,0.21,0.13,0.97,0.32,0.2,0.94
#1,Task2,activation='tanh',0.95,0.61,0.47,0.99,0.28,0.18,0.97,0.38,0.26,0.94
#1,Task2,activation='relu',0.95,0.65,0.52,0.99,0.2,0.18,0.97,0.3,0.27,0.94
#1,Task2,alpha=0.1,0.96,0.57,0.54,0.99,0.26,0.28,0.97,0.36,0.37,0.94
#1,Task2,alpha=0.001,0.95,0.63,0.5,0.99,0.16,0.14,0.97,0.25,0.22,0.94
#1,Task2,alpha=1e-05,0.94,0.5,0.56,1.0,0.04,0.12,0.97,0.07,0.19,0.94
#1,Task2,batch_size=16,0.95,0.5,0.46,0.99,0.12,0.17,0.97,0.19,0.25,0.94
#1,Task2,batch_size=64,0.95,0.64,0.58,0.99,0.19,0.14,0.97,0.3,0.23,0.94
#1,Task2,batch_size=256,0.95,0.53,0.5,0.99,0.19,0.12,0.97,0.28,0.19,0.94
#1,Task2,batch_size=1024,0.95,0.61,0.48,0.99,0.12,0.14,0.97,0.2,0.22,0.94
#1,Task2,hidden_layer_sizes=(100),0.95,0.56,0.46,0.99,0.24,0.14,0.97,0.34,0.22,0.94
#1,Task2,"hidden_layer_sizes=(500,)",0.95,0.48,0.5,0.99,0.17,0.13,0.97,0.25,0.2,0.94
#1,Task2,"hidden_layer_sizes=(1000,)",0.96,0.52,0.52,0.98,0.33,0.21,0.97,0.4,0.29,0.94
#1,Task2,"hidden_layer_sizes=(100, 5)",0.94,0.0,0.47,1.0,0.0,0.12,0.97,0.0,0.19,0.94
#1,Task2,"hidden_layer_sizes=(500, 5)",0.95,0.5,0.54,0.99,0.26,0.17,0.97,0.34,0.25,0.94
#1,Task2,"hidden_layer_sizes=(1000, 5)",0.94,0.32,0.0,0.99,0.09,0.0,0.97,0.13,0.0,0.94
#1,Task2,"hidden_layer_sizes=(100, 10)",0.95,0.54,0.47,0.99,0.15,0.09,0.97,0.23,0.15,0.94
#1,Task2,"hidden_layer_sizes=(500, 10)",0.95,0.47,0.5,0.99,0.13,0.23,0.97,0.2,0.32,0.94
#1,Task2,"hidden_layer_sizes=(1000, 10)",0.95,0.55,0.48,0.99,0.16,0.14,0.97,0.25,0.22,0.94
#1,Task2,"hidden_layer_sizes=(100, 50)",0.95,0.65,0.57,0.99,0.2,0.15,0.97,0.3,0.24,0.94
#1,Task2,"hidden_layer_sizes=(500, 50)",0.95,0.53,0.49,0.99,0.25,0.23,0.97,0.34,0.31,0.94
#1,Task2,"hidden_layer_sizes=(1000, 50)",0.96,0.43,0.57,0.98,0.3,0.26,0.97,0.35,0.35,0.94
#1,Task2,"hidden_layer_sizes=(100, 100)",0.95,0.53,0.42,0.99,0.21,0.14,0.97,0.3,0.21,0.94
#1,Task2,"hidden_layer_sizes=(500, 100)",0.95,0.44,0.53,0.98,0.21,0.24,0.97,0.28,0.33,0.94
#1,Task2,"hidden_layer_sizes=(1000, 100)",0.94,0.7,0.46,1.0,0.05,0.14,0.97,0.09,0.22,0.94
#1,Task2,learning_rate='constant',0.94,0.38,0.36,0.99,0.02,0.1,0.97,0.04,0.16,0.94
#1,Task2,learning_rate='invscaling',0.95,0.41,0.54,0.99,0.21,0.18,0.97,0.28,0.27,0.94
#1,Task2,learning_rate='adaptive',0.95,0.68,0.52,0.99,0.16,0.17,0.97,0.26,0.25,0.94
#1,Task2,max_iter=10,0.95,0.74,0.53,0.99,0.18,0.13,0.97,0.3,0.21,0.94
#1,Task2,max_iter=50,0.95,0.47,0.48,0.99,0.25,0.18,0.97,0.32,0.26,0.94
#1,Task2,max_iter=250,0.95,0.6,0.56,0.99,0.15,0.13,0.97,0.24,0.21,0.94
#1,Task2,n_iter_no_change=5,0.95,0.58,0.52,0.99,0.27,0.22,0.97,0.37,0.31,0.94
#1,Task2,n_iter_no_change=10,0.95,0.65,0.48,0.99,0.22,0.15,0.97,0.33,0.23,0.94
#1,Task2,nesterovs_momentum=True,0.94,0.44,0.5,1.0,0.03,0.1,0.97,0.05,0.17,0.94
#1,Task2,nesterovs_momentum=False,0.95,0.44,0.45,0.98,0.23,0.27,0.97,0.3,0.34,0.94
#1,Task2,solver='adam',0.95,0.66,0.5,0.99,0.13,0.14,0.97,0.22,0.22,0.94
#1,Task2,solver='lbfgs',0.96,0.44,0.49,0.97,0.38,0.33,0.97,0.41,0.4,0.94
#1,Task2,solver='sgd',0.94,0.17,0.43,1.0,0.01,0.04,0.97,0.01,0.07,0.94
#1,Task2,tol=0.1,0.95,0.58,0.53,0.99,0.15,0.12,0.97,0.24,0.19,0.94
#1,Task2,tol=0.001,0.95,0.63,0.55,0.99,0.23,0.15,0.97,0.34,0.24,0.94
#1,Task2,tol=1e-05,0.96,0.52,0.5,0.99,0.23,0.31,0.97,0.32,0.38,0.94
#1,Task3,activation='identity',0.76,0.68,0.63,0.86,0.64,0.41,0.81,0.66,0.49,0.73
#1,Task3,activation='logistic',0.78,0.75,0.6,0.87,0.6,0.59,0.82,0.67,0.59,0.75
#1,Task3,activation='tanh',0.76,0.7,0.64,0.87,0.63,0.41,0.81,0.66,0.5,0.73
#1,Task3,activation='relu',0.82,0.7,0.61,0.85,0.67,0.56,0.83,0.69,0.58,0.75
#1,Task3,alpha=0.1,0.79,0.74,0.6,0.86,0.63,0.59,0.83,0.68,0.6,0.75
#1,Task3,alpha=0.001,0.78,0.69,0.64,0.86,0.65,0.49,0.82,0.67,0.56,0.74
#1,Task3,alpha=1e-05,0.78,0.72,0.62,0.86,0.62,0.54,0.82,0.67,0.58,0.74
#1,Task3,batch_size=16,0.82,0.68,0.61,0.83,0.73,0.5,0.82,0.7,0.55,0.75
#1,Task3,batch_size=64,0.83,0.68,0.63,0.84,0.71,0.53,0.83,0.7,0.58,0.76
#1,Task3,batch_size=256,0.8,0.74,0.59,0.86,0.63,0.61,0.83,0.68,0.6,0.75
#1,Task3,batch_size=1024,0.79,0.73,0.6,0.86,0.62,0.58,0.82,0.67,0.59,0.75
#1,Task3,hidden_layer_sizes=(100),0.82,0.66,0.59,0.81,0.72,0.51,0.82,0.69,0.54,0.74
#1,Task3,"hidden_layer_sizes=(500,)",0.83,0.71,0.59,0.84,0.67,0.62,0.83,0.69,0.6,0.76
#1,Task3,"hidden_layer_sizes=(1000,)",0.78,0.71,0.63,0.86,0.64,0.48,0.82,0.68,0.55,0.74
#1,Task3,"hidden_layer_sizes=(100, 5)",0.8,0.72,0.58,0.85,0.65,0.56,0.82,0.69,0.57,0.75
#1,Task3,"hidden_layer_sizes=(500, 5)",0.81,0.74,0.55,0.85,0.61,0.62,0.83,0.67,0.58,0.75
#1,Task3,"hidden_layer_sizes=(1000, 5)",0.81,0.71,0.6,0.84,0.66,0.59,0.82,0.69,0.6,0.75
#1,Task3,"hidden_layer_sizes=(100, 10)",0.86,0.72,0.57,0.82,0.7,0.68,0.84,0.71,0.62,0.77
#1,Task3,"hidden_layer_sizes=(500, 10)",0.83,0.67,0.6,0.82,0.75,0.47,0.82,0.71,0.53,0.75
#1,Task3,"hidden_layer_sizes=(1000, 10)",0.78,0.74,0.61,0.87,0.6,0.56,0.82,0.66,0.58,0.74
#1,Task3,"hidden_layer_sizes=(100, 50)",0.85,0.69,0.59,0.82,0.73,0.61,0.83,0.71,0.6,0.76
#1,Task3,"hidden_layer_sizes=(500, 50)",0.81,0.72,0.59,0.85,0.65,0.61,0.83,0.68,0.6,0.75
#1,Task3,"hidden_layer_sizes=(1000, 50)",0.86,0.7,0.56,0.81,0.71,0.68,0.84,0.71,0.62,0.76
#1,Task3,"hidden_layer_sizes=(100, 100)",0.83,0.76,0.53,0.83,0.61,0.74,0.83,0.67,0.62,0.75
#1,Task3,"hidden_layer_sizes=(500, 100)",0.88,0.71,0.55,0.8,0.73,0.69,0.84,0.72,0.61,0.76
#1,Task3,"hidden_layer_sizes=(1000, 100)",0.81,0.72,0.6,0.85,0.66,0.59,0.83,0.69,0.6,0.76
#1,Task3,learning_rate='constant',0.8,0.7,0.62,0.85,0.66,0.55,0.83,0.68,0.58,0.75
#1,Task3,learning_rate='invscaling',0.78,0.7,0.61,0.86,0.62,0.53,0.82,0.66,0.57,0.74
#1,Task3,learning_rate='adaptive',0.82,0.7,0.63,0.85,0.69,0.56,0.83,0.7,0.59,0.76
#1,Task3,max_iter=10,0.78,0.75,0.58,0.86,0.6,0.58,0.82,0.67,0.58,0.74
#1,Task3,max_iter=50,0.83,0.64,0.61,0.82,0.75,0.44,0.83,0.69,0.51,0.74
#1,Task3,max_iter=250,0.83,0.65,0.61,0.82,0.72,0.52,0.83,0.68,0.56,0.75
#1,Task3,n_iter_no_change=5,0.81,0.71,0.6,0.85,0.66,0.57,0.83,0.69,0.58,0.75
#1,Task3,n_iter_no_change=10,0.79,0.72,0.62,0.86,0.64,0.55,0.82,0.68,0.58,0.75
#1,Task3,nesterovs_momentum=True,0.82,0.69,0.62,0.84,0.69,0.57,0.83,0.69,0.59,0.75
#1,Task3,nesterovs_momentum=False,0.83,0.73,0.55,0.83,0.65,0.65,0.83,0.69,0.6,0.75
#1,Task3,solver='adam',0.81,0.69,0.59,0.83,0.67,0.56,0.82,0.68,0.57,0.74
#1,Task3,solver='lbfgs',0.82,0.69,0.57,0.83,0.69,0.55,0.82,0.69,0.56,0.75
#1,Task3,solver='sgd',0.79,0.71,0.65,0.87,0.67,0.49,0.83,0.69,0.56,0.75
#1,Task3,tol=0.1,0.81,0.67,0.6,0.83,0.69,0.53,0.82,0.68,0.56,0.74
#1,Task3,tol=0.001,0.84,0.67,0.58,0.82,0.72,0.56,0.83,0.7,0.57,0.75
#1,Task3,tol=1e-05,0.81,0.63,0.66,0.84,0.72,0.4,0.82,0.67,0.5,0.74
#1,Task4,activation='identity',0.76,0.64,0.61,0.85,0.44,0.66,0.8,0.52,0.63,0.71
#1,Task4,activation='logistic',0.81,0.58,0.65,0.81,0.6,0.61,0.81,0.59,0.63,0.72
#1,Task4,activation='tanh',0.8,0.59,0.66,0.81,0.6,0.61,0.81,0.59,0.64,0.72
#1,Task4,activation='relu',0.79,0.61,0.65,0.84,0.52,0.65,0.81,0.56,0.65,0.72
#1,Task4,alpha=0.1,0.88,0.6,0.6,0.77,0.69,0.72,0.82,0.64,0.66,0.74
#1,Task4,alpha=0.001,0.82,0.6,0.64,0.82,0.59,0.66,0.82,0.6,0.65,0.73
#1,Task4,alpha=1e-05,0.84,0.59,0.66,0.81,0.65,0.63,0.82,0.62,0.65,0.74
#1,Task4,batch_size=16,0.81,0.61,0.67,0.84,0.63,0.57,0.83,0.62,0.62,0.74
#1,Task4,batch_size=64,0.8,0.63,0.64,0.85,0.54,0.66,0.82,0.58,0.65,0.73
#1,Task4,batch_size=256,0.82,0.67,0.59,0.82,0.53,0.77,0.82,0.59,0.67,0.74
#1,Task4,batch_size=1024,0.81,0.6,0.66,0.83,0.58,0.64,0.82,0.59,0.65,0.73
#1,Task4,hidden_layer_sizes=(100),0.84,0.65,0.57,0.8,0.57,0.75,0.82,0.61,0.65,0.73
#1,Task4,"hidden_layer_sizes=(500,)",0.87,0.62,0.61,0.79,0.65,0.73,0.83,0.64,0.66,0.74
#1,Task4,"hidden_layer_sizes=(1000,)",0.86,0.59,0.65,0.79,0.68,0.66,0.82,0.63,0.65,0.74
#1,Task4,"hidden_layer_sizes=(100, 5)",0.82,0.59,0.66,0.82,0.61,0.64,0.82,0.6,0.65,0.73
#1,Task4,"hidden_layer_sizes=(500, 5)",0.84,0.61,0.65,0.81,0.64,0.66,0.83,0.62,0.66,0.74
#1,Task4,"hidden_layer_sizes=(1000, 5)",0.83,0.63,0.69,0.83,0.66,0.64,0.83,0.64,0.67,0.75
#1,Task4,"hidden_layer_sizes=(100, 10)",0.86,0.61,0.63,0.79,0.69,0.68,0.82,0.65,0.65,0.74
#1,Task4,"hidden_layer_sizes=(500, 10)",0.84,0.59,0.67,0.82,0.67,0.61,0.83,0.63,0.64,0.74
#1,Task4,"hidden_layer_sizes=(1000, 10)",0.83,0.64,0.61,0.81,0.58,0.72,0.82,0.61,0.66,0.74
#1,Task4,"hidden_layer_sizes=(100, 50)",0.9,0.57,0.63,0.76,0.72,0.7,0.82,0.64,0.66,0.74
#1,Task4,"hidden_layer_sizes=(500, 50)",0.86,0.58,0.65,0.79,0.7,0.64,0.82,0.64,0.64,0.74
#1,Task4,"hidden_layer_sizes=(1000, 50)",0.84,0.64,0.67,0.83,0.64,0.68,0.83,0.64,0.68,0.75
#1,Task4,"hidden_layer_sizes=(100, 100)",0.82,0.61,0.67,0.83,0.62,0.62,0.82,0.61,0.65,0.74
#1,Task4,"hidden_layer_sizes=(500, 100)",0.85,0.6,0.66,0.81,0.69,0.64,0.83,0.64,0.65,0.75
#1,Task4,"hidden_layer_sizes=(1000, 100)",0.85,0.63,0.63,0.81,0.64,0.72,0.83,0.63,0.67,0.75
#1,Task4,learning_rate='constant',0.8,0.62,0.65,0.83,0.57,0.65,0.82,0.59,0.65,0.73
#1,Task4,learning_rate='invscaling',0.84,0.6,0.64,0.8,0.65,0.66,0.82,0.62,0.65,0.73
#1,Task4,learning_rate='adaptive',0.85,0.59,0.64,0.8,0.65,0.65,0.82,0.62,0.65,0.74
#1,Task4,max_iter=10,0.83,0.58,0.67,0.8,0.68,0.58,0.82,0.62,0.62,0.73
#1,Task4,max_iter=50,0.79,0.62,0.64,0.83,0.57,0.63,0.81,0.6,0.64,0.73
#1,Task4,max_iter=250,0.8,0.61,0.63,0.83,0.57,0.64,0.82,0.59,0.63,0.73
#1,Task4,n_iter_no_change=5,0.82,0.62,0.62,0.81,0.59,0.7,0.82,0.6,0.66,0.73
#1,Task4,n_iter_no_change=10,0.85,0.61,0.59,0.79,0.61,0.71,0.82,0.61,0.64,0.73
#1,Task4,nesterovs_momentum=True,0.81,0.62,0.63,0.82,0.57,0.68,0.81,0.6,0.65,0.73
#1,Task4,nesterovs_momentum=False,0.82,0.67,0.61,0.84,0.55,0.71,0.83,0.6,0.66,0.74
#1,Task4,solver='adam',0.81,0.62,0.64,0.82,0.57,0.69,0.82,0.59,0.67,0.73
#1,Task4,solver='lbfgs',0.83,0.65,0.64,0.84,0.63,0.65,0.84,0.64,0.65,0.75
#1,Task4,solver='sgd',0.79,0.65,0.62,0.85,0.5,0.67,0.82,0.57,0.64,0.73
#1,Task4,tol=0.1,0.81,0.61,0.65,0.82,0.6,0.64,0.82,0.61,0.65,0.73
#1,Task4,tol=0.001,0.84,0.61,0.63,0.81,0.64,0.65,0.82,0.63,0.64,0.74
#1,Task4,tol=1e-05,0.8,0.61,0.66,0.83,0.56,0.64,0.81,0.58,0.65,0.73
#1,Task5,activation='identity',0.87,0.21,0.56,0.97,0.02,0.37,0.92,0.04,0.45,0.85
#1,Task5,activation='logistic',0.87,0.5,0.67,0.98,0.03,0.32,0.92,0.06,0.44,0.86
#1,Task5,activation='tanh',0.88,0.33,0.59,0.98,0.0,0.41,0.92,0.01,0.48,0.86
#1,Task5,activation='relu',0.86,0.0,0.59,0.98,0.0,0.26,0.92,0.0,0.36,0.85
#1,Task5,alpha=0.1,0.88,0.35,0.54,0.95,0.12,0.42,0.92,0.18,0.47,0.85
#1,Task5,alpha=0.001,0.87,0.29,0.62,0.98,0.01,0.36,0.92,0.02,0.45,0.86
#1,Task5,alpha=1e-05,0.87,0.35,0.66,0.98,0.03,0.34,0.92,0.05,0.45,0.86
#1,Task5,batch_size=16,0.89,0.49,0.51,0.95,0.08,0.49,0.92,0.13,0.5,0.85
#1,Task5,batch_size=64,0.87,0.22,0.57,0.97,0.01,0.41,0.92,0.02,0.48,0.85
#1,Task5,batch_size=256,0.87,0.29,0.57,0.97,0.02,0.39,0.92,0.03,0.46,0.85
#1,Task5,batch_size=1024,0.87,0.0,0.63,0.98,0.0,0.32,0.92,0.0,0.42,0.86
#1,Task5,hidden_layer_sizes=(100),0.87,0.5,0.59,0.98,0.0,0.36,0.92,0.01,0.45,0.86
#1,Task5,"hidden_layer_sizes=(500,)",0.87,0.4,0.59,0.98,0.01,0.39,0.92,0.02,0.47,0.86
#1,Task5,"hidden_layer_sizes=(1000,)",0.87,0.0,0.58,0.98,0.0,0.36,0.92,0.0,0.44,0.86
#1,Task5,"hidden_layer_sizes=(100, 5)",0.87,0.0,0.61,0.98,0.0,0.37,0.92,0.0,0.47,0.86
#1,Task5,"hidden_layer_sizes=(500, 5)",0.87,0.0,0.56,0.97,0.0,0.38,0.92,0.0,0.45,0.85
#1,Task5,"hidden_layer_sizes=(1000, 5)",0.88,0.34,0.57,0.96,0.08,0.38,0.92,0.13,0.46,0.85
#1,Task5,"hidden_layer_sizes=(100, 10)",0.87,0.0,0.66,0.99,0.0,0.32,0.92,0.0,0.43,0.86
#1,Task5,"hidden_layer_sizes=(500, 10)",0.87,0.11,0.0,0.97,0.09,0.0,0.92,0.1,0.0,0.83
#1,Task5,"hidden_layer_sizes=(1000, 10)",0.88,0.0,0.6,0.98,0.0,0.42,0.92,0.0,0.49,0.86
#1,Task5,"hidden_layer_sizes=(100, 50)",0.87,0.33,0.61,0.98,0.0,0.35,0.92,0.01,0.45,0.86
#1,Task5,"hidden_layer_sizes=(500, 50)",0.87,0.45,0.61,0.98,0.02,0.37,0.92,0.04,0.46,0.86
#1,Task5,"hidden_layer_sizes=(1000, 50)",0.88,0.0,0.52,0.96,0.0,0.48,0.92,0.0,0.5,0.85
#1,Task5,"hidden_layer_sizes=(100, 100)",0.87,0.6,0.65,0.98,0.01,0.33,0.92,0.02,0.43,0.86
#1,Task5,"hidden_layer_sizes=(500, 100)",0.87,0.0,0.62,0.98,0.0,0.29,0.92,0.0,0.39,0.86
#1,Task5,"hidden_layer_sizes=(1000, 100)",0.88,0.0,0.57,0.97,0.0,0.43,0.92,0.0,0.49,0.86
#1,Task5,learning_rate='constant',0.87,0.31,0.61,0.97,0.03,0.38,0.92,0.06,0.47,0.86
#1,Task5,learning_rate='invscaling',0.87,0.75,0.66,0.98,0.01,0.35,0.92,0.02,0.46,0.86
#1,Task5,learning_rate='adaptive',0.87,0.36,0.63,0.98,0.04,0.36,0.92,0.06,0.46,0.86
#1,Task5,max_iter=10,0.87,0.33,0.66,0.99,0.0,0.31,0.92,0.01,0.42,0.86
#1,Task5,max_iter=50,0.87,0.6,0.61,0.98,0.01,0.28,0.92,0.02,0.38,0.86
#1,Task5,max_iter=250,0.87,0.0,0.57,0.97,0.0,0.38,0.92,0.0,0.46,0.85
#1,Task5,n_iter_no_change=5,0.87,0.5,0.67,0.99,0.0,0.32,0.92,0.01,0.43,0.86
#1,Task5,n_iter_no_change=10,0.87,0.5,0.65,0.98,0.01,0.33,0.92,0.02,0.44,0.86
#1,Task5,nesterovs_momentum=True,0.87,0.31,0.62,0.98,0.04,0.32,0.92,0.06,0.42,0.85
#1,Task5,nesterovs_momentum=False,0.87,0.3,0.64,0.98,0.01,0.28,0.92,0.02,0.39,0.86
#1,Task5,solver='adam',0.87,0.31,0.63,0.98,0.02,0.31,0.92,0.03,0.42,0.86
#1,Task5,solver='lbfgs',0.9,0.31,0.46,0.9,0.27,0.46,0.9,0.29,0.46,0.82
#1,Task5,solver='sgd',0.86,0.0,0.55,0.99,0.0,0.2,0.92,0.0,0.3,0.85
#1,Task5,tol=0.1,0.87,0.52,0.62,0.98,0.04,0.34,0.92,0.08,0.44,0.86
#1,Task5,tol=0.001,0.87,0.0,0.56,0.97,0.0,0.36,0.92,0.0,0.44,0.85
#1,Task5,tol=1e-05,0.88,0.34,0.59,0.97,0.05,0.38,0.92,0.09,0.47,0.85
#1,Task6,activation='identity',0.97,0.0,0.0,1.0,0.0,0.0,0.99,0.0,0.0,0.97
#1,Task6,activation='logistic',0.97,0.0,0.0,1.0,0.0,0.0,0.99,0.0,0.0,0.97
#1,Task6,activation='tanh',0.97,0.0,0.0,1.0,0.0,0.0,0.99,0.0,0.0,0.97
#1,Task6,activation='relu',0.97,0.0,0.0,1.0,0.0,0.0,0.99,0.0,0.0,0.97
#1,Task6,alpha=0.1,0.97,0.0,0.0,1.0,0.0,0.0,0.99,0.0,0.0,0.97
#1,Task6,alpha=0.001,0.97,0.0,0.0,1.0,0.0,0.0,0.99,0.0,0.0,0.97
#1,Task6,alpha=1e-05,0.97,0.0,0.0,1.0,0.0,0.0,0.99,0.0,0.0,0.97
#1,Task6,batch_size=16,0.97,0.0,0.5,1.0,0.0,0.02,0.99,0.0,0.05,0.97
#1,Task6,batch_size=64,0.97,0.0,0.0,1.0,0.0,0.0,0.99,0.0,0.0,0.97
#1,Task6,batch_size=256,0.97,0.0,0.0,1.0,0.0,0.0,0.99,0.0,0.0,0.97
#1,Task6,batch_size=1024,0.97,0.0,0.0,1.0,0.0,0.0,0.99,0.0,0.0,0.97
#1,Task6,hidden_layer_sizes=(100),0.97,0.0,0.0,1.0,0.0,0.0,0.99,0.0,0.0,0.97
#1,Task6,"hidden_layer_sizes=(500,)",0.97,0.0,0.0,1.0,0.0,0.0,0.99,0.0,0.0,0.97
#1,Task6,"hidden_layer_sizes=(1000,)",0.97,0.0,1.0,1.0,0.0,0.02,0.99,0.0,0.05,0.97
#1,Task6,"hidden_layer_sizes=(100, 5)",0.97,0.0,1.0,1.0,0.0,0.02,0.99,0.0,0.05,0.97
#1,Task6,"hidden_layer_sizes=(500, 5)",0.97,0.0,0.0,1.0,0.0,0.0,0.99,0.0,0.0,0.97
#1,Task6,"hidden_layer_sizes=(1000, 5)",0.97,0.0,0.0,1.0,0.0,0.0,0.99,0.0,0.0,0.97
#1,Task6,"hidden_layer_sizes=(100, 10)",0.97,0.0,0.0,1.0,0.0,0.0,0.99,0.0,0.0,0.97
#1,Task6,"hidden_layer_sizes=(500, 10)",0.97,0.0,0.0,1.0,0.0,0.0,0.99,0.0,0.0,0.97
#1,Task6,"hidden_layer_sizes=(1000, 10)",0.97,0.0,0.0,1.0,0.0,0.0,0.99,0.0,0.0,0.97
#1,Task6,"hidden_layer_sizes=(100, 50)",0.97,0.0,0.0,1.0,0.0,0.0,0.99,0.0,0.0,0.97
#1,Task6,"hidden_layer_sizes=(500, 50)",0.97,0.0,0.0,1.0,0.0,0.0,0.99,0.0,0.0,0.97
#1,Task6,"hidden_layer_sizes=(1000, 50)",0.98,0.0,0.8,1.0,0.0,0.1,0.99,0.0,0.17,0.98
#1,Task6,"hidden_layer_sizes=(100, 100)",0.97,0.0,0.0,1.0,0.0,0.0,0.99,0.0,0.0,0.97
#1,Task6,"hidden_layer_sizes=(500, 100)",0.97,0.0,0.0,1.0,0.0,0.0,0.99,0.0,0.0,0.97
#1,Task6,"hidden_layer_sizes=(1000, 100)",0.97,0.0,0.0,1.0,0.0,0.0,0.99,0.0,0.0,0.97
#1,Task6,learning_rate='constant',0.97,0.0,0.5,1.0,0.0,0.02,0.99,0.0,0.05,0.97
#1,Task6,learning_rate='invscaling',0.97,0.0,0.0,1.0,0.0,0.0,0.99,0.0,0.0,0.97
#1,Task6,learning_rate='adaptive',0.97,0.0,0.0,1.0,0.0,0.0,0.99,0.0,0.0,0.97
#1,Task6,max_iter=10,0.98,0.0,0.5,1.0,0.0,0.05,0.99,0.0,0.09,0.97
#1,Task6,max_iter=50,0.97,0.0,0.0,1.0,0.0,0.0,0.99,0.0,0.0,0.97
#1,Task6,max_iter=250,0.97,0.0,0.0,1.0,0.0,0.0,0.99,0.0,0.0,0.97
#1,Task6,n_iter_no_change=5,0.97,0.0,0.0,1.0,0.0,0.0,0.99,0.0,0.0,0.97
#1,Task6,n_iter_no_change=10,0.97,0.0,0.0,1.0,0.0,0.0,0.99,0.0,0.0,0.97
#1,Task6,nesterovs_momentum=True,0.97,0.0,0.0,1.0,0.0,0.0,0.99,0.0,0.0,0.97
#1,Task6,nesterovs_momentum=False,0.97,0.0,0.0,1.0,0.0,0.0,0.99,0.0,0.0,0.97
#1,Task6,solver='adam',0.97,0.0,0.0,1.0,0.0,0.0,0.99,0.0,0.0,0.97
#1,Task6,solver='lbfgs',0.98,0.09,0.44,0.99,0.04,0.2,0.98,0.05,0.27,0.97
#1,Task6,solver='sgd',0.97,0.0,0.0,1.0,0.0,0.0,0.99,0.0,0.0,0.97
#1,Task6,tol=0.1,0.97,0.0,0.0,1.0,0.0,0.0,0.99,0.0,0.0,0.97
#1,Task6,tol=0.001,0.97,0.0,0.0,1.0,0.0,0.0,0.99,0.0,0.0,0.97
#1,Task6,tol=1e-05,0.97,0.0,0.0,1.0,0.0,0.0,0.99,0.0,0.0,0.97
#1,Task7,activation='identity',0.94,0.11,0.39,0.98,0.01,0.23,0.96,0.02,0.29,0.92
#1,Task7,activation='logistic',0.92,0.0,0.8,1.0,0.0,0.02,0.96,0.0,0.04,0.92
#1,Task7,activation='tanh',0.92,0.0,1.0,1.0,0.0,0.02,0.96,0.0,0.04,0.92
#1,Task7,activation='relu',0.94,0.5,0.46,0.99,0.08,0.24,0.96,0.13,0.31,0.93
#1,Task7,alpha=0.1,0.94,0.23,0.37,0.98,0.06,0.23,0.96,0.09,0.28,0.92
#1,Task7,alpha=0.001,0.94,0.31,0.56,0.99,0.04,0.18,0.96,0.08,0.27,0.93
#1,Task7,alpha=1e-05,0.93,0.0,0.61,1.0,0.0,0.12,0.96,0.0,0.2,0.93
#1,Task7,batch_size=16,0.94,0.27,0.55,0.99,0.03,0.19,0.96,0.06,0.28,0.93
#1,Task7,batch_size=64,0.93,0.0,0.54,1.0,0.0,0.11,0.96,0.0,0.19,0.93
#1,Task7,batch_size=256,0.93,0.2,0.52,0.99,0.01,0.15,0.96,0.02,0.24,0.93
#1,Task7,batch_size=1024,0.93,0.0,0.61,1.0,0.0,0.12,0.96,0.0,0.2,0.93
#1,Task7,hidden_layer_sizes=(100),0.93,0.33,0.67,1.0,0.01,0.11,0.96,0.02,0.18,0.93
#1,Task7,"hidden_layer_sizes=(500,)",0.93,0.17,0.69,1.0,0.01,0.05,0.96,0.02,0.09,0.93
#1,Task7,"hidden_layer_sizes=(1000,)",0.93,0.42,0.47,0.99,0.06,0.15,0.96,0.1,0.23,0.93
#1,Task7,"hidden_layer_sizes=(100, 5)",0.93,0.0,0.52,0.99,0.0,0.2,0.96,0.0,0.29,0.93
#1,Task7,"hidden_layer_sizes=(500, 5)",0.94,0.33,0.38,0.98,0.01,0.24,0.96,0.02,0.3,0.92
#1,Task7,"hidden_layer_sizes=(1000, 5)",0.93,0.0,0.65,1.0,0.0,0.09,0.96,0.0,0.16,0.93
#1,Task7,"hidden_layer_sizes=(100, 10)",0.92,0.0,0.0,1.0,0.0,0.0,0.96,0.0,0.0,0.92
#1,Task7,"hidden_layer_sizes=(500, 10)",0.93,0.0,0.67,1.0,0.0,0.03,0.96,0.0,0.06,0.92
#1,Task7,"hidden_layer_sizes=(1000, 10)",0.93,0.27,0.0,1.0,0.04,0.0,0.96,0.08,0.0,0.92
#1,Task7,"hidden_layer_sizes=(100, 50)",0.94,0.67,0.4,0.98,0.04,0.26,0.96,0.08,0.31,0.92
#1,Task7,"hidden_layer_sizes=(500, 50)",0.94,0.0,0.52,0.99,0.0,0.24,0.96,0.0,0.33,0.93
#1,Task7,"hidden_layer_sizes=(1000, 50)",0.93,0.0,0.49,0.99,0.0,0.16,0.96,0.0,0.25,0.93
#1,Task7,"hidden_layer_sizes=(100, 100)",0.93,0.25,0.51,0.99,0.02,0.13,0.96,0.04,0.2,0.92
#1,Task7,"hidden_layer_sizes=(500, 100)",0.93,0.13,0.47,0.99,0.02,0.14,0.96,0.04,0.22,0.92
#1,Task7,"hidden_layer_sizes=(1000, 100)",0.94,0.0,0.45,0.99,0.0,0.2,0.96,0.0,0.27,0.92
#1,Task7,learning_rate='constant',0.93,0.0,0.64,1.0,0.0,0.12,0.96,0.0,0.21,0.93
#1,Task7,learning_rate='invscaling',0.94,0.23,0.48,0.99,0.03,0.2,0.96,0.06,0.28,0.92
#1,Task7,learning_rate='adaptive',0.93,0.0,0.86,1.0,0.0,0.03,0.96,0.0,0.06,0.92
#1,Task7,max_iter=10,0.93,0.0,0.51,0.99,0.0,0.16,0.96,0.0,0.25,0.93
#1,Task7,max_iter=50,0.94,0.41,0.47,0.99,0.08,0.22,0.96,0.13,0.3,0.92
#1,Task7,max_iter=250,0.93,0.5,0.62,0.99,0.02,0.18,0.96,0.04,0.27,0.93
#1,Task7,n_iter_no_change=5,0.94,0.26,0.36,0.98,0.06,0.23,0.96,0.09,0.28,0.92
#1,Task7,n_iter_no_change=10,0.94,0.39,0.48,0.99,0.08,0.19,0.96,0.13,0.27,0.92
#1,Task7,nesterovs_momentum=True,0.94,0.32,0.43,0.98,0.08,0.24,0.96,0.12,0.31,0.92
#1,Task7,nesterovs_momentum=False,0.92,0.0,0.5,1.0,0.0,0.01,0.96,0.0,0.01,0.92
#1,Task7,solver='adam',0.94,0.32,0.47,0.98,0.07,0.25,0.96,0.11,0.33,0.92
#1,Task7,solver='lbfgs',0.94,0.23,0.35,0.97,0.16,0.27,0.95,0.19,0.31,0.91
#1,Task7,solver='sgd',0.92,0.0,0.0,1.0,0.0,0.0,0.96,0.0,0.0,0.92
#1,Task7,tol=0.1,0.93,0.14,0.51,0.99,0.01,0.13,0.96,0.02,0.2,0.92
#1,Task7,tol=0.001,0.93,0.29,0.5,0.99,0.02,0.18,0.96,0.04,0.26,0.93
#1,Task7,tol=1e-05,0.93,0.0,0.5,0.99,0.0,0.19,0.96,0.0,0.27,0.93
#1,Task8,activation='identity',0.9,0.38,0.43,0.99,0.05,0.12,0.94,0.1,0.18,0.89
#1,Task8,activation='logistic',0.89,0.0,0.46,0.99,0.0,0.08,0.94,0.0,0.13,0.89
#1,Task8,activation='tanh',0.89,0.38,0.55,1.0,0.03,0.05,0.94,0.06,0.1,0.89
#1,Task8,activation='relu',0.89,0.0,0.63,1.0,0.0,0.04,0.94,0.0,0.07,0.89
#1,Task8,alpha=0.1,0.89,0.0,0.4,1.0,0.0,0.01,0.94,0.0,0.02,0.89
#1,Task8,alpha=0.001,0.89,0.5,0.42,0.99,0.01,0.07,0.94,0.02,0.12,0.89
#1,Task8,alpha=1e-05,0.9,0.29,0.43,0.98,0.02,0.14,0.94,0.04,0.21,0.88
#1,Task8,batch_size=16,0.89,0.0,0.68,1.0,0.0,0.04,0.94,0.0,0.08,0.89
#1,Task8,batch_size=64,0.89,0.75,0.52,1.0,0.03,0.04,0.94,0.06,0.07,0.89
#1,Task8,batch_size=256,0.89,0.33,0.49,0.99,0.02,0.07,0.94,0.04,0.12,0.89
#1,Task8,batch_size=1024,0.89,0.0,0.53,1.0,0.0,0.03,0.94,0.0,0.05,0.89
#1,Task8,hidden_layer_sizes=(100),0.89,1.0,0.5,1.0,0.01,0.03,0.94,0.02,0.06,0.89
#1,Task8,"hidden_layer_sizes=(500,)",0.9,0.35,0.53,0.99,0.07,0.15,0.94,0.11,0.23,0.89
#1,Task8,"hidden_layer_sizes=(1000,)",0.9,0.38,0.44,0.99,0.03,0.1,0.94,0.06,0.17,0.89
#1,Task8,"hidden_layer_sizes=(100, 5)",0.89,0.27,0.0,1.0,0.03,0.0,0.94,0.06,0.0,0.89
#1,Task8,"hidden_layer_sizes=(500, 5)",0.89,0.0,0.41,1.0,0.0,0.03,0.94,0.0,0.05,0.88
#1,Task8,"hidden_layer_sizes=(1000, 5)",0.89,0.0,0.0,1.0,0.0,0.0,0.94,0.0,0.0,0.89
#1,Task8,"hidden_layer_sizes=(100, 10)",0.89,0.0,0.51,1.0,0.0,0.06,0.94,0.0,0.1,0.89
#1,Task8,"hidden_layer_sizes=(500, 10)",0.89,0.0,0.67,1.0,0.0,0.01,0.94,0.0,0.01,0.89
#1,Task8,"hidden_layer_sizes=(1000, 10)",0.89,0.0,0.0,1.0,0.0,0.0,0.94,0.0,0.0,0.89
#1,Task8,"hidden_layer_sizes=(100, 50)",0.9,1.0,0.5,0.99,0.01,0.11,0.94,0.02,0.19,0.89
#1,Task8,"hidden_layer_sizes=(500, 50)",0.9,0.38,0.52,0.99,0.05,0.1,0.94,0.1,0.17,0.89
#1,Task8,"hidden_layer_sizes=(1000, 50)",0.89,0.0,0.33,1.0,0.0,0.01,0.94,0.0,0.02,0.88
#1,Task8,"hidden_layer_sizes=(100, 100)",0.89,0.0,0.0,1.0,0.0,0.0,0.94,0.0,0.0,0.89
#1,Task8,"hidden_layer_sizes=(500, 100)",0.9,0.25,0.42,0.98,0.05,0.13,0.94,0.09,0.2,0.88
#1,Task8,"hidden_layer_sizes=(1000, 100)",0.89,0.0,0.57,1.0,0.0,0.02,0.94,0.0,0.05,0.89
#1,Task8,learning_rate='constant',0.89,0.29,0.45,0.99,0.02,0.04,0.94,0.04,0.08,0.88
#1,Task8,learning_rate='invscaling',0.89,0.0,0.45,1.0,0.0,0.02,0.94,0.0,0.03,0.89
#1,Task8,learning_rate='adaptive',0.89,0.0,0.38,1.0,0.0,0.02,0.94,0.0,0.03,0.89
#1,Task8,max_iter=10,0.89,0.29,0.55,1.0,0.02,0.06,0.94,0.04,0.1,0.89
#1,Task8,max_iter=50,0.89,0.0,0.5,1.0,0.0,0.01,0.94,0.0,0.01,0.89
#1,Task8,max_iter=250,0.89,0.33,0.61,1.0,0.01,0.04,0.94,0.02,0.08,0.89
#1,Task8,n_iter_no_change=5,0.89,0.0,0.52,1.0,0.0,0.04,0.94,0.0,0.07,0.89
#1,Task8,n_iter_no_change=10,0.89,0.5,0.5,0.99,0.03,0.07,0.94,0.06,0.12,0.89
#1,Task8,nesterovs_momentum=True,0.89,0.0,0.42,1.0,0.0,0.02,0.94,0.0,0.05,0.88
#1,Task8,nesterovs_momentum=False,0.89,0.0,0.38,1.0,0.0,0.03,0.94,0.0,0.06,0.89
#1,Task8,solver='adam',0.89,0.4,0.61,0.99,0.02,0.08,0.94,0.04,0.14,0.89
#1,Task8,solver='lbfgs',0.91,0.22,0.32,0.94,0.14,0.25,0.93,0.17,0.28,0.86
#1,Task8,solver='sgd',0.89,0.0,0.0,1.0,0.0,0.0,0.94,0.0,0.0,0.89
#1,Task8,tol=0.1,0.89,0.5,0.53,1.0,0.01,0.06,0.94,0.02,0.11,0.89
#1,Task8,tol=0.001,0.89,0.0,0.4,1.0,0.0,0.02,0.94,0.0,0.04,0.89
#1,Task8,tol=1e-05,0.89,0.0,0.47,0.99,0.0,0.09,0.94,0.0,0.15,0.89
#1,Task9,activation='identity',0.86,0.47,0.62,0.95,0.25,0.44,0.9,0.32,0.51,0.82
#1,Task9,activation='logistic',0.85,0.56,0.65,0.98,0.19,0.37,0.91,0.28,0.48,0.83
#1,Task9,activation='tanh',0.84,0.49,0.65,0.97,0.16,0.37,0.9,0.24,0.47,0.82
#1,Task9,activation='relu',0.85,0.54,0.73,0.98,0.19,0.38,0.91,0.28,0.5,0.83
#1,Task9,alpha=0.1,0.86,0.46,0.63,0.96,0.23,0.42,0.9,0.31,0.51,0.82
#1,Task9,alpha=0.001,0.86,0.46,0.64,0.95,0.28,0.43,0.9,0.35,0.51,0.82
#1,Task9,alpha=1e-05,0.86,0.5,0.62,0.96,0.23,0.43,0.91,0.32,0.51,0.82
#1,Task9,batch_size=16,0.85,0.53,0.67,0.98,0.17,0.38,0.91,0.26,0.49,0.83
#1,Task9,batch_size=64,0.84,0.55,0.68,0.98,0.15,0.37,0.9,0.24,0.47,0.82
#1,Task9,batch_size=256,0.85,0.47,0.59,0.96,0.16,0.42,0.9,0.23,0.49,0.82
#1,Task9,batch_size=1024,0.86,0.45,0.68,0.95,0.28,0.42,0.9,0.35,0.52,0.82
#1,Task9,hidden_layer_sizes=(100),0.86,0.47,0.6,0.95,0.21,0.47,0.9,0.29,0.53,0.82
#1,Task9,"hidden_layer_sizes=(500,)",0.85,0.48,0.63,0.97,0.19,0.38,0.9,0.27,0.48,0.82
#1,Task9,"hidden_layer_sizes=(1000,)",0.85,0.48,0.69,0.96,0.22,0.39,0.9,0.3,0.5,0.82
#1,Task9,"hidden_layer_sizes=(100, 5)",0.85,0.44,0.72,0.96,0.26,0.29,0.9,0.33,0.41,0.81
#1,Task9,"hidden_layer_sizes=(500, 5)",0.87,0.44,0.6,0.93,0.36,0.42,0.9,0.39,0.49,0.81
#1,Task9,"hidden_layer_sizes=(1000, 5)",0.86,0.32,0.0,0.96,0.32,0.0,0.91,0.32,0.0,0.8
#1,Task9,"hidden_layer_sizes=(100, 10)",0.87,0.4,0.64,0.95,0.27,0.42,0.9,0.32,0.51,0.82
#1,Task9,"hidden_layer_sizes=(500, 10)",0.84,0.44,0.65,0.96,0.2,0.37,0.9,0.27,0.47,0.81
#1,Task9,"hidden_layer_sizes=(1000, 10)",0.86,0.5,0.64,0.96,0.24,0.42,0.9,0.33,0.51,0.82
#1,Task9,"hidden_layer_sizes=(100, 50)",0.87,0.41,0.62,0.93,0.29,0.49,0.9,0.34,0.55,0.81
#1,Task9,"hidden_layer_sizes=(500, 50)",0.85,0.48,0.7,0.97,0.23,0.37,0.91,0.31,0.49,0.82
#1,Task9,"hidden_layer_sizes=(1000, 50)",0.85,0.5,0.7,0.97,0.2,0.34,0.9,0.29,0.46,0.82
#1,Task9,"hidden_layer_sizes=(100, 100)",0.85,0.52,0.65,0.97,0.22,0.38,0.9,0.31,0.48,0.82
#1,Task9,"hidden_layer_sizes=(500, 100)",0.85,0.48,0.72,0.97,0.24,0.36,0.91,0.32,0.48,0.83
#1,Task9,"hidden_layer_sizes=(1000, 100)",0.86,0.39,0.53,0.92,0.24,0.48,0.89,0.3,0.5,0.8
#1,Task9,learning_rate='constant',0.84,0.47,0.6,0.97,0.15,0.35,0.9,0.23,0.45,0.82
#1,Task9,learning_rate='invscaling',0.86,0.49,0.61,0.95,0.26,0.46,0.9,0.34,0.52,0.82
#1,Task9,learning_rate='adaptive',0.85,0.48,0.7,0.96,0.22,0.36,0.9,0.3,0.48,0.82
#1,Task9,max_iter=10,0.86,0.51,0.64,0.95,0.27,0.45,0.91,0.36,0.53,0.83
#1,Task9,max_iter=50,0.85,0.46,0.65,0.96,0.21,0.39,0.9,0.28,0.49,0.82
#1,Task9,max_iter=250,0.86,0.46,0.63,0.94,0.29,0.45,0.9,0.35,0.53,0.82
#1,Task9,n_iter_no_change=5,0.85,0.45,0.69,0.96,0.21,0.39,0.91,0.29,0.5,0.82
#1,Task9,n_iter_no_change=10,0.86,0.46,0.66,0.96,0.24,0.45,0.91,0.32,0.53,0.82
#1,Task9,nesterovs_momentum=True,0.85,0.53,0.63,0.97,0.18,0.43,0.91,0.27,0.51,0.82
#1,Task9,nesterovs_momentum=False,0.86,0.46,0.65,0.96,0.25,0.42,0.91,0.32,0.51,0.82
#1,Task9,solver='adam',0.86,0.46,0.64,0.95,0.25,0.46,0.9,0.33,0.54,0.82
#1,Task9,solver='lbfgs',0.88,0.37,0.51,0.89,0.4,0.46,0.88,0.39,0.48,0.79
#1,Task9,solver='sgd',0.86,0.46,0.7,0.97,0.22,0.41,0.91,0.29,0.52,0.83
#1,Task9,tol=0.1,0.86,0.48,0.64,0.96,0.22,0.46,0.91,0.3,0.53,0.82
#1,Task9,tol=0.001,0.86,0.5,0.6,0.95,0.2,0.46,0.9,0.29,0.52,0.82
#1,Task9,tol=1e-05,0.87,0.45,0.61,0.94,0.28,0.48,0.9,0.35,0.54,0.82
#2,Task1,activation='identity',0.85,0.48,0.56,0.96,0.1,0.41,0.9,0.17,0.47,0.82
#2,Task1,activation='logistic',0.84,0.45,0.63,0.98,0.08,0.31,0.9,0.14,0.42,0.82
#2,Task1,activation='tanh',0.83,0.43,0.56,0.98,0.06,0.23,0.9,0.1,0.33,0.82
#2,Task1,activation='relu',0.84,0.45,0.58,0.97,0.11,0.34,0.9,0.17,0.43,0.82
#2,Task1,alpha=0.1,0.84,0.42,0.58,0.98,0.03,0.31,0.9,0.05,0.4,0.82
#2,Task1,alpha=0.001,0.84,0.43,0.64,0.98,0.07,0.26,0.9,0.12,0.37,0.82
#2,Task1,alpha=1e-05,0.84,0.56,0.56,0.98,0.07,0.32,0.9,0.13,0.41,0.82
#2,Task1,batch_size=16,0.85,0.44,0.56,0.97,0.08,0.36,0.9,0.14,0.44,0.82
#2,Task1,batch_size=64,0.83,0.46,0.62,0.98,0.03,0.27,0.9,0.06,0.38,0.82
#2,Task1,batch_size=256,0.83,0.53,0.6,0.98,0.04,0.26,0.9,0.08,0.37,0.82
#2,Task1,batch_size=1024,0.83,0.51,0.62,0.98,0.05,0.26,0.9,0.09,0.36,0.82
#2,Task1,hidden_layer_sizes=(100),0.84,0.46,0.61,0.98,0.07,0.32,0.9,0.12,0.42,0.82
#2,Task1,"hidden_layer_sizes=(500,)",0.83,0.47,0.61,0.98,0.04,0.25,0.9,0.07,0.36,0.82
#2,Task1,"hidden_layer_sizes=(1000,)",0.84,0.37,0.55,0.97,0.03,0.35,0.9,0.06,0.43,0.82
#2,Task1,"hidden_layer_sizes=(100, 5)",0.86,0.39,0.52,0.94,0.21,0.35,0.9,0.28,0.42,0.81
#2,Task1,"hidden_layer_sizes=(500, 5)",0.83,0.0,0.55,0.98,0.0,0.34,0.9,0.0,0.42,0.82
#2,Task1,"hidden_layer_sizes=(1000, 5)",0.84,0.4,0.61,0.98,0.07,0.27,0.9,0.12,0.38,0.82
#2,Task1,"hidden_layer_sizes=(100, 10)",0.85,0.39,0.57,0.95,0.18,0.35,0.9,0.25,0.44,0.81
#2,Task1,"hidden_layer_sizes=(500, 10)",0.83,0.0,0.52,0.98,0.0,0.32,0.9,0.0,0.4,0.82
#2,Task1,"hidden_layer_sizes=(1000, 10)",0.84,0.42,0.62,0.97,0.14,0.19,0.9,0.21,0.29,0.82
#2,Task1,"hidden_layer_sizes=(100, 50)",0.82,0.0,0.5,0.99,0.0,0.18,0.9,0.0,0.27,0.81
#2,Task1,"hidden_layer_sizes=(500, 50)",0.82,0.38,0.59,0.99,0.02,0.19,0.9,0.04,0.29,0.81
#2,Task1,"hidden_layer_sizes=(1000, 50)",0.83,0.41,0.6,0.98,0.02,0.31,0.9,0.04,0.41,0.82
#2,Task1,"hidden_layer_sizes=(100, 100)",0.81,0.0,0.59,0.99,0.0,0.1,0.9,0.0,0.18,0.81
#2,Task1,"hidden_layer_sizes=(500, 100)",0.84,0.45,0.58,0.97,0.09,0.34,0.9,0.15,0.43,0.82
#2,Task1,"hidden_layer_sizes=(1000, 100)",0.84,0.0,0.55,0.97,0.0,0.39,0.9,0.0,0.46,0.82
#2,Task1,learning_rate='constant',0.84,0.34,0.58,0.98,0.04,0.28,0.9,0.08,0.38,0.82
#2,Task1,learning_rate='invscaling',0.85,0.44,0.6,0.97,0.1,0.36,0.9,0.16,0.45,0.82
#2,Task1,learning_rate='adaptive',0.85,0.46,0.59,0.97,0.12,0.33,0.9,0.19,0.43,0.82
#2,Task1,max_iter=10,0.84,0.44,0.61,0.98,0.05,0.31,0.9,0.08,0.41,0.82
#2,Task1,max_iter=50,0.84,0.49,0.62,0.98,0.05,0.28,0.9,0.1,0.38,0.82
#2,Task1,max_iter=250,0.84,0.58,0.61,0.98,0.05,0.3,0.9,0.09,0.4,0.82
#2,Task1,n_iter_no_change=5,0.83,0.0,0.59,0.99,0.0,0.24,0.9,0.0,0.34,0.82
#2,Task1,n_iter_no_change=10,0.84,0.5,0.59,0.98,0.03,0.32,0.9,0.06,0.42,0.82
#2,Task1,nesterovs_momentum=True,0.85,0.51,0.59,0.96,0.13,0.39,0.9,0.2,0.47,0.83
#2,Task1,nesterovs_momentum=False,0.86,0.45,0.56,0.95,0.18,0.38,0.9,0.26,0.46,0.82
#2,Task1,solver='adam',0.83,0.43,0.6,0.98,0.04,0.28,0.9,0.07,0.39,0.82
#2,Task1,solver='lbfgs',0.87,0.3,0.44,0.88,0.27,0.44,0.87,0.28,0.44,0.78
#2,Task1,solver='sgd',0.81,0.0,0.0,1.0,0.0,0.0,0.89,0.0,0.0,0.81
#2,Task1,tol=0.1,0.85,0.43,0.56,0.96,0.15,0.37,0.9,0.22,0.44,0.82
#2,Task1,tol=0.001,0.85,0.42,0.61,0.97,0.09,0.34,0.9,0.15,0.44,0.82
#2,Task1,tol=1e-05,0.85,0.43,0.58,0.97,0.05,0.41,0.9,0.1,0.48,0.82
#2,Task2,activation='identity',0.94,0.36,0.38,0.99,0.03,0.1,0.97,0.05,0.16,0.94
#2,Task2,activation='logistic',0.94,0.55,0.48,1.0,0.04,0.13,0.97,0.08,0.2,0.94
#2,Task2,activation='tanh',0.94,0.67,0.45,1.0,0.01,0.12,0.97,0.03,0.18,0.94
#2,Task2,activation='relu',0.95,0.62,0.5,0.99,0.11,0.12,0.97,0.18,0.19,0.94
#2,Task2,alpha=0.1,0.94,0.67,0.5,1.0,0.04,0.12,0.97,0.08,0.19,0.94
#2,Task2,alpha=0.001,0.94,0.0,0.64,1.0,0.0,0.09,0.97,0.0,0.16,0.94
#2,Task2,alpha=1e-05,0.95,0.55,0.55,0.99,0.15,0.14,0.97,0.23,0.22,0.94
#2,Task2,batch_size=16,0.95,0.63,0.46,0.99,0.16,0.15,0.97,0.25,0.23,0.94
#2,Task2,batch_size=64,0.94,0.44,0.5,1.0,0.06,0.06,0.97,0.1,0.11,0.94
#2,Task2,batch_size=256,0.95,0.57,0.47,0.99,0.09,0.12,0.97,0.16,0.19,0.94
#2,Task2,batch_size=1024,0.95,0.57,0.48,0.99,0.11,0.13,0.97,0.19,0.2,0.94
#2,Task2,hidden_layer_sizes=(100),0.94,0.65,0.47,1.0,0.08,0.12,0.97,0.14,0.19,0.94
#2,Task2,"hidden_layer_sizes=(500,)",0.95,0.64,0.47,0.99,0.1,0.12,0.97,0.17,0.19,0.94
#2,Task2,"hidden_layer_sizes=(1000,)",0.94,0.58,0.47,1.0,0.05,0.12,0.97,0.09,0.19,0.94
#2,Task2,"hidden_layer_sizes=(100, 5)",0.94,0.37,0.61,0.99,0.05,0.14,0.97,0.09,0.23,0.94
#2,Task2,"hidden_layer_sizes=(500, 5)",0.94,0.0,0.4,1.0,0.0,0.1,0.97,0.0,0.16,0.94
#2,Task2,"hidden_layer_sizes=(1000, 5)",0.94,0.0,0.42,0.99,0.0,0.17,0.97,0.0,0.24,0.94
#2,Task2,"hidden_layer_sizes=(100, 10)",0.94,0.43,0.57,1.0,0.02,0.1,0.97,0.04,0.17,0.94
#2,Task2,"hidden_layer_sizes=(500, 10)",0.94,0.67,0.47,1.0,0.07,0.09,0.97,0.13,0.15,0.94
#2,Task2,"hidden_layer_sizes=(1000, 10)",0.94,0.56,0.43,1.0,0.04,0.13,0.97,0.07,0.2,0.94
#2,Task2,"hidden_layer_sizes=(100, 50)",0.95,0.42,0.45,0.99,0.16,0.12,0.97,0.23,0.18,0.94
#2,Task2,"hidden_layer_sizes=(500, 50)",0.95,0.64,0.53,0.99,0.15,0.13,0.97,0.24,0.21,0.94
#2,Task2,"hidden_layer_sizes=(1000, 50)",0.95,0.55,0.5,0.99,0.15,0.12,0.97,0.23,0.19,0.94
#2,Task2,"hidden_layer_sizes=(100, 100)",0.94,0.6,0.47,1.0,0.09,0.09,0.97,0.15,0.15,0.94
#2,Task2,"hidden_layer_sizes=(500, 100)",0.95,0.37,0.43,0.98,0.14,0.23,0.97,0.21,0.3,0.93
#2,Task2,"hidden_layer_sizes=(1000, 100)",0.94,0.5,0.44,1.0,0.01,0.1,0.97,0.01,0.17,0.94
#2,Task2,learning_rate='constant',0.95,0.58,0.53,0.99,0.13,0.12,0.97,0.21,0.19,0.94
#2,Task2,learning_rate='invscaling',0.95,0.58,0.44,0.99,0.1,0.1,0.97,0.17,0.17,0.94
#2,Task2,learning_rate='adaptive',0.94,0.57,0.44,0.99,0.09,0.09,0.97,0.16,0.15,0.94
#2,Task2,max_iter=10,0.95,0.62,0.44,0.99,0.11,0.1,0.97,0.19,0.17,0.94
#2,Task2,max_iter=50,0.94,0.55,0.5,1.0,0.04,0.12,0.97,0.08,0.19,0.94
#2,Task2,max_iter=250,0.95,0.61,0.53,1.0,0.1,0.12,0.97,0.17,0.19,0.94
#2,Task2,n_iter_no_change=5,0.94,0.0,0.67,1.0,0.0,0.08,0.97,0.0,0.14,0.94
#2,Task2,n_iter_no_change=10,0.94,0.0,0.53,1.0,0.0,0.1,0.97,0.0,0.17,0.94
#2,Task2,nesterovs_momentum=True,0.95,0.58,0.5,0.99,0.11,0.13,0.97,0.18,0.2,0.94
#2,Task2,nesterovs_momentum=False,0.94,0.0,0.6,1.0,0.0,0.08,0.97,0.0,0.14,0.94
#2,Task2,solver='adam',0.95,0.64,0.47,0.99,0.11,0.1,0.97,0.19,0.17,0.94
#2,Task2,solver='lbfgs',0.96,0.3,0.36,0.97,0.27,0.26,0.96,0.29,0.3,0.93
#2,Task2,solver='sgd',0.94,0.0,0.0,1.0,0.0,0.0,0.97,0.0,0.0,0.94
#2,Task2,tol=0.1,0.94,0.25,0.62,1.0,0.01,0.06,0.97,0.01,0.12,0.94
#2,Task2,tol=0.001,0.94,0.6,0.53,1.0,0.04,0.1,0.97,0.08,0.17,0.94
#2,Task2,tol=1e-05,0.95,0.56,0.44,0.99,0.1,0.1,0.97,0.17,0.17,0.94
#2,Task3,activation='identity',0.75,0.65,0.55,0.83,0.53,0.53,0.79,0.58,0.54,0.7
#2,Task3,activation='logistic',0.75,0.63,0.58,0.84,0.55,0.47,0.79,0.59,0.52,0.7
#2,Task3,activation='tanh',0.73,0.66,0.57,0.87,0.51,0.41,0.79,0.58,0.48,0.69
#2,Task3,activation='relu',0.75,0.59,0.59,0.81,0.62,0.37,0.78,0.6,0.46,0.69
#2,Task3,alpha=0.1,0.78,0.65,0.52,0.79,0.57,0.6,0.78,0.61,0.55,0.7
#2,Task3,alpha=0.001,0.75,0.66,0.56,0.83,0.56,0.53,0.79,0.6,0.55,0.7
#2,Task3,alpha=1e-05,0.76,0.6,0.6,0.81,0.61,0.42,0.78,0.6,0.49,0.69
#2,Task3,batch_size=16,0.77,0.64,0.6,0.82,0.6,0.51,0.79,0.62,0.55,0.71
#2,Task3,batch_size=64,0.73,0.65,0.57,0.85,0.52,0.44,0.79,0.58,0.49,0.69
#2,Task3,batch_size=256,0.75,0.65,0.58,0.83,0.56,0.48,0.79,0.6,0.53,0.7
#2,Task3,batch_size=1024,0.74,0.64,0.56,0.83,0.55,0.45,0.79,0.59,0.5,0.69
#2,Task3,hidden_layer_sizes=(100),0.75,0.65,0.54,0.82,0.53,0.54,0.79,0.58,0.54,0.7
#2,Task3,"hidden_layer_sizes=(500,)",0.75,0.68,0.56,0.84,0.54,0.54,0.79,0.6,0.55,0.71
#2,Task3,"hidden_layer_sizes=(1000,)",0.76,0.65,0.56,0.81,0.57,0.55,0.79,0.61,0.56,0.7
#2,Task3,"hidden_layer_sizes=(100, 5)",0.73,0.65,0.57,0.83,0.55,0.47,0.78,0.6,0.52,0.69
#2,Task3,"hidden_layer_sizes=(500, 5)",0.79,0.59,0.6,0.78,0.67,0.45,0.79,0.63,0.51,0.7
#2,Task3,"hidden_layer_sizes=(1000, 5)",0.77,0.59,0.61,0.8,0.63,0.45,0.79,0.61,0.52,0.7
#2,Task3,"hidden_layer_sizes=(100, 10)",0.72,0.71,0.57,0.87,0.49,0.46,0.79,0.58,0.51,0.7
#2,Task3,"hidden_layer_sizes=(500, 10)",0.75,0.6,0.57,0.8,0.59,0.44,0.77,0.6,0.5,0.68
#2,Task3,"hidden_layer_sizes=(1000, 10)",0.79,0.63,0.54,0.78,0.61,0.6,0.78,0.62,0.57,0.7
#2,Task3,"hidden_layer_sizes=(100, 50)",0.77,0.62,0.57,0.8,0.62,0.49,0.78,0.62,0.53,0.7
#2,Task3,"hidden_layer_sizes=(500, 50)",0.79,0.62,0.53,0.77,0.62,0.58,0.78,0.62,0.56,0.7
#2,Task3,"hidden_layer_sizes=(1000, 50)",0.79,0.64,0.56,0.79,0.61,0.6,0.79,0.62,0.58,0.71
#2,Task3,"hidden_layer_sizes=(100, 100)",0.74,0.66,0.58,0.85,0.54,0.44,0.79,0.59,0.5,0.7
#2,Task3,"hidden_layer_sizes=(500, 100)",0.76,0.69,0.55,0.83,0.51,0.63,0.79,0.59,0.59,0.71
#2,Task3,"hidden_layer_sizes=(1000, 100)",0.74,0.65,0.58,0.83,0.56,0.47,0.78,0.6,0.52,0.7
#2,Task3,learning_rate='constant',0.77,0.64,0.48,0.78,0.54,0.61,0.77,0.58,0.54,0.68
#2,Task3,learning_rate='invscaling',0.76,0.64,0.54,0.8,0.55,0.57,0.78,0.59,0.55,0.7
#2,Task3,learning_rate='adaptive',0.76,0.62,0.55,0.8,0.58,0.5,0.78,0.6,0.53,0.69
#2,Task3,max_iter=10,0.75,0.64,0.56,0.83,0.55,0.49,0.79,0.6,0.52,0.7
#2,Task3,max_iter=50,0.75,0.66,0.58,0.84,0.56,0.51,0.79,0.61,0.54,0.71
#2,Task3,max_iter=250,0.73,0.65,0.55,0.84,0.53,0.46,0.78,0.58,0.5,0.69
#2,Task3,n_iter_no_change=5,0.73,0.66,0.58,0.85,0.53,0.44,0.79,0.59,0.5,0.7
#2,Task3,n_iter_no_change=10,0.74,0.67,0.57,0.86,0.52,0.44,0.79,0.59,0.5,0.7
#2,Task3,nesterovs_momentum=True,0.73,0.62,0.58,0.83,0.57,0.39,0.78,0.6,0.46,0.69
#2,Task3,nesterovs_momentum=False,0.75,0.6,0.57,0.8,0.59,0.45,0.78,0.6,0.5,0.69
#2,Task3,solver='adam',0.75,0.64,0.53,0.8,0.54,0.53,0.77,0.59,0.53,0.69
#2,Task3,solver='lbfgs',0.75,0.6,0.52,0.78,0.57,0.48,0.77,0.58,0.5,0.68
#2,Task3,solver='sgd',0.72,0.63,0.61,0.86,0.49,0.42,0.78,0.55,0.5,0.69
#2,Task3,tol=0.1,0.75,0.63,0.56,0.83,0.59,0.42,0.79,0.61,0.48,0.7
#2,Task3,tol=0.001,0.75,0.64,0.58,0.82,0.58,0.5,0.79,0.61,0.54,0.7
#2,Task3,tol=1e-05,0.76,0.59,0.59,0.81,0.62,0.39,0.78,0.61,0.46,0.69
#2,Task4,activation='identity',0.73,0.54,0.63,0.83,0.45,0.52,0.77,0.49,0.57,0.67
#2,Task4,activation='logistic',0.74,0.53,0.62,0.82,0.42,0.61,0.78,0.47,0.61,0.68
#2,Task4,activation='tanh',0.73,0.53,0.64,0.83,0.45,0.51,0.78,0.48,0.57,0.67
#2,Task4,activation='relu',0.74,0.53,0.63,0.8,0.48,0.57,0.77,0.5,0.6,0.67
#2,Task4,alpha=0.1,0.76,0.55,0.63,0.81,0.49,0.6,0.78,0.52,0.62,0.69
#2,Task4,alpha=0.001,0.73,0.55,0.65,0.83,0.44,0.56,0.78,0.49,0.6,0.68
#2,Task4,alpha=1e-05,0.76,0.54,0.64,0.79,0.52,0.6,0.78,0.53,0.62,0.69
#2,Task4,batch_size=16,0.77,0.57,0.61,0.81,0.49,0.61,0.79,0.53,0.61,0.69
#2,Task4,batch_size=64,0.78,0.52,0.64,0.77,0.56,0.58,0.78,0.54,0.61,0.68
#2,Task4,batch_size=256,0.76,0.56,0.62,0.8,0.51,0.62,0.78,0.53,0.62,0.69
#2,Task4,batch_size=1024,0.75,0.55,0.64,0.82,0.48,0.57,0.79,0.51,0.6,0.69
#2,Task4,hidden_layer_sizes=(100),0.74,0.56,0.62,0.82,0.45,0.6,0.78,0.5,0.61,0.68
#2,Task4,"hidden_layer_sizes=(500,)",0.77,0.52,0.66,0.78,0.56,0.57,0.78,0.54,0.61,0.69
#2,Task4,"hidden_layer_sizes=(1000,)",0.79,0.53,0.64,0.77,0.58,0.59,0.78,0.55,0.61,0.69
#2,Task4,"hidden_layer_sizes=(100, 5)",0.75,0.54,0.66,0.81,0.51,0.56,0.78,0.52,0.61,0.69
#2,Task4,"hidden_layer_sizes=(500, 5)",0.77,0.56,0.58,0.79,0.46,0.68,0.78,0.51,0.63,0.69
#2,Task4,"hidden_layer_sizes=(1000, 5)",0.8,0.51,0.67,0.76,0.62,0.58,0.78,0.56,0.62,0.69
#2,Task4,"hidden_layer_sizes=(100, 10)",0.77,0.53,0.6,0.8,0.46,0.64,0.78,0.49,0.62,0.68
#2,Task4,"hidden_layer_sizes=(500, 10)",0.75,0.6,0.6,0.84,0.39,0.68,0.79,0.47,0.64,0.69
#2,Task4,"hidden_layer_sizes=(1000, 10)",0.78,0.55,0.62,0.79,0.52,0.62,0.79,0.53,0.62,0.69
#2,Task4,"hidden_layer_sizes=(100, 50)",0.75,0.55,0.65,0.82,0.5,0.55,0.78,0.52,0.6,0.69
#2,Task4,"hidden_layer_sizes=(500, 50)",0.79,0.51,0.66,0.77,0.59,0.55,0.78,0.55,0.6,0.69
#2,Task4,"hidden_layer_sizes=(1000, 50)",0.77,0.58,0.57,0.8,0.45,0.68,0.78,0.51,0.62,0.69
#2,Task4,"hidden_layer_sizes=(100, 100)",0.75,0.58,0.62,0.83,0.45,0.61,0.79,0.51,0.61,0.69
#2,Task4,"hidden_layer_sizes=(500, 100)",0.76,0.55,0.61,0.8,0.48,0.6,0.78,0.51,0.6,0.68
#2,Task4,"hidden_layer_sizes=(1000, 100)",0.76,0.52,0.67,0.79,0.55,0.54,0.78,0.53,0.6,0.68
#2,Task4,learning_rate='constant',0.76,0.55,0.64,0.82,0.5,0.59,0.79,0.52,0.62,0.69
#2,Task4,learning_rate='invscaling',0.73,0.53,0.66,0.83,0.46,0.49,0.78,0.49,0.57,0.68
#2,Task4,learning_rate='adaptive',0.76,0.56,0.6,0.8,0.47,0.64,0.78,0.51,0.62,0.69
#2,Task4,max_iter=10,0.74,0.59,0.62,0.84,0.42,0.6,0.79,0.49,0.61,0.69
#2,Task4,max_iter=50,0.73,0.55,0.66,0.83,0.44,0.58,0.78,0.49,0.62,0.68
#2,Task4,max_iter=250,0.78,0.51,0.61,0.77,0.54,0.58,0.77,0.52,0.59,0.67
#2,Task4,n_iter_no_change=5,0.75,0.59,0.58,0.83,0.39,0.66,0.78,0.47,0.62,0.69
#2,Task4,n_iter_no_change=10,0.75,0.57,0.6,0.82,0.44,0.63,0.79,0.5,0.62,0.69
#2,Task4,nesterovs_momentum=True,0.75,0.56,0.66,0.82,0.48,0.58,0.78,0.52,0.62,0.69
#2,Task4,nesterovs_momentum=False,0.74,0.54,0.65,0.82,0.46,0.56,0.78,0.5,0.6,0.68
#2,Task4,solver='adam',0.76,0.54,0.62,0.78,0.5,0.62,0.77,0.52,0.62,0.68
#2,Task4,solver='lbfgs',0.76,0.53,0.58,0.79,0.49,0.58,0.77,0.51,0.58,0.67
#2,Task4,solver='sgd',0.73,0.55,0.64,0.83,0.42,0.6,0.78,0.47,0.62,0.68
#2,Task4,tol=0.1,0.77,0.54,0.64,0.8,0.5,0.62,0.78,0.52,0.63,0.69
#2,Task4,tol=0.001,0.73,0.56,0.64,0.84,0.42,0.56,0.78,0.48,0.6,0.69
#2,Task4,tol=1e-05,0.76,0.53,0.64,0.8,0.49,0.6,0.78,0.51,0.62,0.68
#2,Task5,activation='identity',0.87,0.25,0.56,0.97,0.01,0.4,0.92,0.02,0.47,0.85
#2,Task5,activation='logistic',0.86,0.0,0.66,0.99,0.0,0.25,0.92,0.0,0.36,0.86
#2,Task5,activation='tanh',0.87,0.0,0.6,0.98,0.0,0.32,0.92,0.0,0.42,0.85
#2,Task5,activation='relu',0.87,0.25,0.62,0.98,0.0,0.32,0.92,0.01,0.42,0.86
#2,Task5,alpha=0.1,0.87,0.0,0.7,0.99,0.0,0.28,0.92,0.0,0.4,0.86
#2,Task5,alpha=0.001,0.87,0.0,0.62,0.98,0.0,0.33,0.92,0.0,0.43,0.86
#2,Task5,alpha=1e-05,0.87,0.4,0.62,0.98,0.01,0.33,0.92,0.02,0.43,0.86
#2,Task5,batch_size=16,0.87,0.38,0.57,0.97,0.01,0.39,0.92,0.02,0.47,0.86
#2,Task5,batch_size=64,0.87,0.2,0.62,0.98,0.0,0.35,0.92,0.01,0.45,0.86
#2,Task5,batch_size=256,0.87,0.0,0.65,0.98,0.0,0.32,0.92,0.0,0.43,0.86
#2,Task5,batch_size=1024,0.87,0.0,0.58,0.98,0.0,0.33,0.92,0.0,0.42,0.85
#2,Task5,hidden_layer_sizes=(100),0.87,0.25,0.59,0.97,0.02,0.4,0.92,0.03,0.47,0.85
#2,Task5,"hidden_layer_sizes=(500,)",0.87,0.3,0.57,0.97,0.06,0.36,0.92,0.1,0.44,0.85
#2,Task5,"hidden_layer_sizes=(1000,)",0.87,0.33,0.63,0.98,0.0,0.34,0.92,0.01,0.44,0.86
#2,Task5,"hidden_layer_sizes=(100, 5)",0.87,0.45,0.55,0.97,0.02,0.33,0.92,0.04,0.41,0.85
#2,Task5,"hidden_layer_sizes=(500, 5)",0.84,0.0,0.0,1.0,0.0,0.0,0.92,0.0,0.0,0.84
#2,Task5,"hidden_layer_sizes=(1000, 5)",0.87,0.0,0.62,0.98,0.0,0.31,0.92,0.0,0.41,0.86
#2,Task5,"hidden_layer_sizes=(100, 10)",0.87,0.27,0.6,0.98,0.01,0.36,0.92,0.02,0.45,0.86
#2,Task5,"hidden_layer_sizes=(500, 10)",0.87,0.5,0.55,0.97,0.0,0.36,0.92,0.01,0.43,0.85
#2,Task5,"hidden_layer_sizes=(1000, 10)",0.84,0.0,0.0,1.0,0.0,0.0,0.92,0.0,0.0,0.84
#2,Task5,"hidden_layer_sizes=(100, 50)",0.87,0.33,0.53,0.96,0.01,0.41,0.92,0.02,0.46,0.85
#2,Task5,"hidden_layer_sizes=(500, 50)",0.87,0.0,0.66,0.99,0.0,0.29,0.92,0.0,0.4,0.86
#2,Task5,"hidden_layer_sizes=(1000, 50)",0.87,0.0,0.65,0.98,0.0,0.33,0.92,0.0,0.43,0.86
#2,Task5,"hidden_layer_sizes=(100, 100)",0.87,0.0,0.58,0.97,0.0,0.38,0.92,0.0,0.46,0.86
#2,Task5,"hidden_layer_sizes=(500, 100)",0.87,0.0,0.55,0.97,0.0,0.38,0.92,0.0,0.45,0.85
#2,Task5,"hidden_layer_sizes=(1000, 100)",0.87,0.0,0.61,0.98,0.0,0.34,0.92,0.0,0.43,0.86
#2,Task5,learning_rate='constant',0.87,0.27,0.62,0.98,0.01,0.33,0.92,0.02,0.43,0.86
#2,Task5,learning_rate='invscaling',0.87,0.0,0.62,0.99,0.0,0.28,0.92,0.0,0.38,0.86
#2,Task5,learning_rate='adaptive',0.87,0.0,0.63,0.98,0.0,0.34,0.92,0.0,0.44,0.86
#2,Task5,max_iter=10,0.87,0.0,0.61,0.98,0.0,0.33,0.92,0.0,0.43,0.86
#2,Task5,max_iter=50,0.87,0.25,0.58,0.98,0.0,0.33,0.92,0.01,0.42,0.85
#2,Task5,max_iter=250,0.86,0.0,0.68,0.99,0.0,0.27,0.92,0.0,0.39,0.86
#2,Task5,n_iter_no_change=5,0.87,0.35,0.63,0.98,0.02,0.35,0.92,0.04,0.45,0.86
#2,Task5,n_iter_no_change=10,0.87,0.27,0.6,0.98,0.01,0.35,0.92,0.02,0.44,0.86
#2,Task5,nesterovs_momentum=True,0.87,0.0,0.6,0.98,0.0,0.32,0.92,0.0,0.42,0.86
#2,Task5,nesterovs_momentum=False,0.87,0.2,0.61,0.98,0.0,0.33,0.92,0.01,0.43,0.86
#2,Task5,solver='adam',0.87,0.0,0.68,0.99,0.0,0.34,0.92,0.0,0.45,0.86
#2,Task5,solver='lbfgs',0.89,0.23,0.43,0.89,0.23,0.42,0.89,0.23,0.42,0.8
#2,Task5,solver='sgd',0.85,0.0,0.69,1.0,0.0,0.11,0.92,0.0,0.2,0.85
#2,Task5,tol=0.1,0.87,0.0,0.63,0.98,0.0,0.32,0.92,0.0,0.43,0.86
#2,Task5,tol=0.001,0.87,0.22,0.6,0.98,0.01,0.36,0.92,0.02,0.44,0.86
#2,Task5,tol=1e-05,0.87,0.0,0.67,0.99,0.0,0.32,0.92,0.0,0.43,0.86
#2,Task6,activation='identity',0.97,0.0,0.0,1.0,0.0,0.0,0.99,0.0,0.0,0.97
#2,Task6,activation='logistic',0.97,0.0,0.0,1.0,0.0,0.0,0.99,0.0,0.0,0.97
#2,Task6,activation='tanh',0.98,0.0,1.0,1.0,0.0,0.05,0.99,0.0,0.09,0.98
#2,Task6,activation='relu',0.97,0.0,0.0,1.0,0.0,0.0,0.99,0.0,0.0,0.97
#2,Task6,alpha=0.1,0.97,0.0,0.0,1.0,0.0,0.0,0.99,0.0,0.0,0.97
#2,Task6,alpha=0.001,0.97,0.0,0.0,1.0,0.0,0.0,0.99,0.0,0.0,0.97
#2,Task6,alpha=1e-05,0.97,0.0,0.0,1.0,0.0,0.0,0.99,0.0,0.0,0.97
#2,Task6,batch_size=16,0.98,0.0,0.67,1.0,0.0,0.1,0.99,0.0,0.17,0.97
#2,Task6,batch_size=64,0.97,0.0,0.0,1.0,0.0,0.0,0.99,0.0,0.0,0.97
#2,Task6,batch_size=256,0.97,0.0,0.0,1.0,0.0,0.0,0.99,0.0,0.0,0.97
#2,Task6,batch_size=1024,0.97,0.0,0.25,1.0,0.0,0.02,0.99,0.0,0.04,0.97
#2,Task6,hidden_layer_sizes=(100),0.97,0.0,0.0,1.0,0.0,0.0,0.99,0.0,0.0,0.97
#2,Task6,"hidden_layer_sizes=(500,)",0.97,0.0,0.0,1.0,0.0,0.0,0.99,0.0,0.0,0.97
#2,Task6,"hidden_layer_sizes=(1000,)",0.97,0.0,0.0,1.0,0.0,0.0,0.99,0.0,0.0,0.97
#2,Task6,"hidden_layer_sizes=(100, 5)",0.97,0.0,0.0,1.0,0.0,0.0,0.99,0.0,0.0,0.97
#2,Task6,"hidden_layer_sizes=(500, 5)",0.97,0.0,0.0,1.0,0.0,0.0,0.99,0.0,0.0,0.97
#2,Task6,"hidden_layer_sizes=(1000, 5)",0.97,0.0,0.0,1.0,0.0,0.0,0.99,0.0,0.0,0.97
#2,Task6,"hidden_layer_sizes=(100, 10)",0.97,0.0,0.0,1.0,0.0,0.0,0.99,0.0,0.0,0.97
#2,Task6,"hidden_layer_sizes=(500, 10)",0.97,0.0,0.0,1.0,0.0,0.0,0.99,0.0,0.0,0.97
#2,Task6,"hidden_layer_sizes=(1000, 10)",0.97,0.0,0.0,1.0,0.0,0.0,0.99,0.0,0.0,0.97
#2,Task6,"hidden_layer_sizes=(100, 50)",0.97,0.0,0.0,1.0,0.0,0.0,0.99,0.0,0.0,0.97
#2,Task6,"hidden_layer_sizes=(500, 50)",0.97,0.0,0.0,1.0,0.0,0.0,0.99,0.0,0.0,0.97
#2,Task6,"hidden_layer_sizes=(1000, 50)",0.97,0.0,0.0,1.0,0.0,0.0,0.99,0.0,0.0,0.97
#2,Task6,"hidden_layer_sizes=(100, 100)",0.97,0.0,0.0,1.0,0.0,0.0,0.99,0.0,0.0,0.97
#2,Task6,"hidden_layer_sizes=(500, 100)",0.97,0.0,0.5,1.0,0.0,0.02,0.99,0.0,0.05,0.97
#2,Task6,"hidden_layer_sizes=(1000, 100)",0.97,0.0,0.0,1.0,0.0,0.0,0.99,0.0,0.0,0.97
#2,Task6,learning_rate='constant',0.97,0.0,0.0,1.0,0.0,0.0,0.99,0.0,0.0,0.97
#2,Task6,learning_rate='invscaling',0.97,0.0,0.0,1.0,0.0,0.0,0.99,0.0,0.0,0.97
#2,Task6,learning_rate='adaptive',0.97,0.0,0.0,1.0,0.0,0.0,0.99,0.0,0.0,0.97
#2,Task6,max_iter=10,0.97,0.0,0.0,1.0,0.0,0.0,0.99,0.0,0.0,0.97
#2,Task6,max_iter=50,0.97,0.0,0.0,1.0,0.0,0.0,0.99,0.0,0.0,0.97
#2,Task6,max_iter=250,0.97,0.0,0.0,1.0,0.0,0.0,0.99,0.0,0.0,0.97
#2,Task6,n_iter_no_change=5,0.97,0.0,0.0,1.0,0.0,0.0,0.99,0.0,0.0,0.97
#2,Task6,n_iter_no_change=10,0.97,0.0,0.0,1.0,0.0,0.0,0.99,0.0,0.0,0.97
#2,Task6,nesterovs_momentum=True,0.97,0.0,0.0,1.0,0.0,0.0,0.99,0.0,0.0,0.97
#2,Task6,nesterovs_momentum=False,0.97,0.0,0.0,1.0,0.0,0.0,0.99,0.0,0.0,0.97
#2,Task6,solver='adam',0.97,0.0,0.0,1.0,0.0,0.0,0.99,0.0,0.0,0.97
#2,Task6,solver='lbfgs',0.98,0.0,0.36,0.99,0.0,0.2,0.98,0.0,0.25,0.97
#2,Task6,solver='sgd',0.97,0.0,0.0,1.0,0.0,0.0,0.99,0.0,0.0,0.97
#2,Task6,tol=0.1,0.97,0.0,0.0,1.0,0.0,0.0,0.99,0.0,0.0,0.97
#2,Task6,tol=0.001,0.97,0.0,0.0,1.0,0.0,0.0,0.99,0.0,0.0,0.97
#2,Task6,tol=1e-05,0.97,0.0,0.0,1.0,0.0,0.0,0.99,0.0,0.0,0.97
#2,Task7,activation='identity',0.93,0.0,0.39,1.0,0.0,0.06,0.96,0.0,0.1,0.92
#2,Task7,activation='logistic',0.93,0.0,0.46,0.99,0.0,0.09,0.96,0.0,0.14,0.92
#2,Task7,activation='tanh',0.93,0.0,0.48,1.0,0.0,0.05,0.96,0.0,0.1,0.92
#2,Task7,activation='relu',0.93,0.33,0.46,0.99,0.01,0.1,0.96,0.02,0.17,0.92
#2,Task7,alpha=0.1,0.92,0.0,0.0,1.0,0.0,0.0,0.96,0.0,0.0,0.92
#2,Task7,alpha=0.001,0.93,0.25,0.37,0.99,0.01,0.15,0.96,0.02,0.21,0.92
#2,Task7,alpha=1e-05,0.93,0.0,0.39,0.99,0.0,0.14,0.96,0.0,0.2,0.92
#2,Task7,batch_size=16,0.92,0.0,0.62,1.0,0.0,0.03,0.96,0.0,0.05,0.92
#2,Task7,batch_size=64,0.92,0.0,0.3,1.0,0.0,0.02,0.96,0.0,0.03,0.92
#2,Task7,batch_size=256,0.92,0.0,0.5,1.0,0.0,0.03,0.96,0.0,0.05,0.92
#2,Task7,batch_size=1024,0.93,0.0,0.4,1.0,0.0,0.04,0.96,0.0,0.08,0.92
#2,Task7,hidden_layer_sizes=(100),0.92,0.0,0.0,1.0,0.0,0.0,0.96,0.0,0.0,0.92
#2,Task7,"hidden_layer_sizes=(500,)",0.92,0.0,0.33,1.0,0.0,0.03,0.96,0.0,0.05,0.92
#2,Task7,"hidden_layer_sizes=(1000,)",0.92,0.0,0.33,1.0,0.0,0.01,0.96,0.0,0.01,0.92
#2,Task7,"hidden_layer_sizes=(100, 5)",0.93,0.0,0.36,0.98,0.0,0.14,0.96,0.0,0.2,0.91
#2,Task7,"hidden_layer_sizes=(500, 5)",0.92,0.0,1.0,1.0,0.0,0.01,0.96,0.0,0.01,0.92
#2,Task7,"hidden_layer_sizes=(1000, 5)",0.92,0.0,0.67,1.0,0.0,0.02,0.96,0.0,0.04,0.92
#2,Task7,"hidden_layer_sizes=(100, 10)",0.92,0.0,0.0,1.0,0.0,0.0,0.96,0.0,0.0,0.92
#2,Task7,"hidden_layer_sizes=(500, 10)",0.92,0.0,0.0,1.0,0.0,0.0,0.96,0.0,0.0,0.92
#2,Task7,"hidden_layer_sizes=(1000, 10)",0.92,0.0,0.55,1.0,0.0,0.03,0.96,0.0,0.06,0.92
#2,Task7,"hidden_layer_sizes=(100, 50)",0.92,0.0,0.0,1.0,0.0,0.0,0.96,0.0,0.0,0.92
#2,Task7,"hidden_layer_sizes=(500, 50)",0.93,0.5,0.35,0.99,0.01,0.14,0.96,0.02,0.2,0.92
#2,Task7,"hidden_layer_sizes=(1000, 50)",0.92,0.0,0.33,1.0,0.0,0.01,0.96,0.0,0.01,0.92
#2,Task7,"hidden_layer_sizes=(100, 100)",0.92,0.0,0.0,1.0,0.0,0.0,0.96,0.0,0.0,0.92
#2,Task7,"hidden_layer_sizes=(500, 100)",0.93,0.2,0.44,0.99,0.01,0.09,0.96,0.02,0.15,0.92
#2,Task7,"hidden_layer_sizes=(1000, 100)",0.92,0.0,0.0,1.0,0.0,0.0,0.96,0.0,0.0,0.92
#2,Task7,learning_rate='constant',0.93,0.0,0.42,0.99,0.0,0.1,0.96,0.0,0.16,0.92
#2,Task7,learning_rate='invscaling',0.93,0.0,0.42,1.0,0.0,0.06,0.96,0.0,0.1,0.92
#2,Task7,learning_rate='adaptive',0.92,0.0,0.0,1.0,0.0,0.0,0.96,0.0,0.0,0.92
#2,Task7,max_iter=10,0.93,0.0,0.44,1.0,0.0,0.06,0.96,0.0,0.1,0.92
#2,Task7,max_iter=50,0.93,0.0,0.42,1.0,0.0,0.06,0.96,0.0,0.1,0.92
#2,Task7,max_iter=250,0.93,0.0,0.5,1.0,0.0,0.05,0.96,0.0,0.1,0.92
#2,Task7,n_iter_no_change=5,0.92,0.0,0.0,1.0,0.0,0.0,0.96,0.0,0.0,0.92
#2,Task7,n_iter_no_change=10,0.92,0.0,0.0,1.0,0.0,0.0,0.96,0.0,0.0,0.92
#2,Task7,nesterovs_momentum=True,0.93,0.22,0.37,0.99,0.02,0.12,0.96,0.04,0.18,0.92
#2,Task7,nesterovs_momentum=False,0.93,0.0,0.43,1.0,0.0,0.05,0.96,0.0,0.09,0.92
#2,Task7,solver='adam',0.93,0.0,0.37,0.99,0.0,0.1,0.96,0.0,0.16,0.92
#2,Task7,solver='lbfgs',0.94,0.11,0.23,0.95,0.09,0.18,0.94,0.1,0.2,0.89
#2,Task7,solver='sgd',0.92,0.0,0.0,1.0,0.0,0.0,0.96,0.0,0.0,0.92
#2,Task7,tol=0.1,0.93,0.0,0.56,1.0,0.0,0.05,0.96,0.0,0.1,0.92
#2,Task7,tol=0.001,0.92,0.0,0.0,1.0,0.0,0.0,0.96,0.0,0.0,0.92
#2,Task7,tol=1e-05,0.92,0.0,0.0,1.0,0.0,0.0,0.96,0.0,0.0,0.92
#2,Task8,activation='identity',0.89,0.0,0.45,1.0,0.0,0.03,0.94,0.0,0.05,0.89
#2,Task8,activation='logistic',0.89,1.0,0.49,0.99,0.01,0.07,0.94,0.02,0.12,0.89
#2,Task8,activation='tanh',0.89,0.0,0.33,0.99,0.0,0.04,0.94,0.0,0.08,0.88
#2,Task8,activation='relu',0.89,0.0,0.5,1.0,0.0,0.01,0.94,0.0,0.02,0.89
#2,Task8,alpha=0.1,0.89,0.0,0.5,1.0,0.0,0.01,0.94,0.0,0.01,0.89
#2,Task8,alpha=0.001,0.89,0.0,0.47,1.0,0.0,0.02,0.94,0.0,0.05,0.89
#2,Task8,alpha=1e-05,0.89,0.0,0.0,1.0,0.0,0.0,0.94,0.0,0.0,0.89
#2,Task8,batch_size=16,0.89,0.0,0.55,1.0,0.0,0.02,0.94,0.0,0.04,0.89
#2,Task8,batch_size=64,0.89,0.0,1.0,1.0,0.0,0.0,0.94,0.0,0.01,0.89
#2,Task8,batch_size=256,0.89,1.0,0.64,1.0,0.01,0.02,0.94,0.02,0.04,0.89
#2,Task8,batch_size=1024,0.89,0.0,0.0,1.0,0.0,0.0,0.94,0.0,0.0,0.89
#2,Task8,hidden_layer_sizes=(100),0.89,0.0,0.5,1.0,0.0,0.01,0.94,0.0,0.01,0.89
#2,Task8,"hidden_layer_sizes=(500,)",0.89,0.0,0.33,1.0,0.0,0.0,0.94,0.0,0.01,0.89
#2,Task8,"hidden_layer_sizes=(1000,)",0.89,0.0,0.33,1.0,0.0,0.01,0.94,0.0,0.01,0.89
#2,Task8,"hidden_layer_sizes=(100, 5)",0.89,0.0,0.57,1.0,0.0,0.05,0.94,0.0,0.1,0.89
#2,Task8,"hidden_layer_sizes=(500, 5)",0.89,0.06,0.0,0.99,0.02,0.0,0.94,0.03,0.0,0.88
#2,Task8,"hidden_layer_sizes=(1000, 5)",0.89,0.0,0.34,0.99,0.0,0.04,0.94,0.0,0.08,0.88
#2,Task8,"hidden_layer_sizes=(100, 10)",0.89,0.0,0.0,1.0,0.0,0.0,0.94,0.0,0.0,0.89
#2,Task8,"hidden_layer_sizes=(500, 10)",0.89,0.0,0.0,1.0,0.0,0.0,0.94,0.0,0.0,0.89
#2,Task8,"hidden_layer_sizes=(1000, 10)",0.89,0.0,0.0,1.0,0.0,0.0,0.94,0.0,0.0,0.89
#2,Task8,"hidden_layer_sizes=(100, 50)",0.89,0.0,0.0,1.0,0.0,0.0,0.94,0.0,0.0,0.89
#2,Task8,"hidden_layer_sizes=(500, 50)",0.89,0.0,0.33,1.0,0.0,0.0,0.94,0.0,0.01,0.89
#2,Task8,"hidden_layer_sizes=(1000, 50)",0.89,0.0,0.0,1.0,0.0,0.0,0.94,0.0,0.0,0.89
#2,Task8,"hidden_layer_sizes=(100, 100)",0.89,0.0,0.25,1.0,0.0,0.0,0.94,0.0,0.01,0.89
#2,Task8,"hidden_layer_sizes=(500, 100)",0.89,0.0,0.5,1.0,0.0,0.0,0.94,0.0,0.01,0.89
#2,Task8,"hidden_layer_sizes=(1000, 100)",0.89,0.0,0.0,1.0,0.0,0.0,0.94,0.0,0.0,0.89
#2,Task8,learning_rate='constant',0.89,0.0,0.5,1.0,0.0,0.01,0.94,0.0,0.01,0.89
#2,Task8,learning_rate='invscaling',0.89,0.0,0.0,1.0,0.0,0.0,0.94,0.0,0.0,0.89
#2,Task8,learning_rate='adaptive',0.89,0.0,0.67,1.0,0.0,0.01,0.94,0.0,0.02,0.89
#2,Task8,max_iter=10,0.89,0.0,0.6,1.0,0.0,0.01,0.94,0.0,0.02,0.89
#2,Task8,max_iter=50,0.89,0.0,0.0,1.0,0.0,0.0,0.94,0.0,0.0,0.89
#2,Task8,max_iter=250,0.89,0.0,0.0,1.0,0.0,0.0,0.94,0.0,0.0,0.89
#2,Task8,n_iter_no_change=5,0.89,0.0,0.48,1.0,0.0,0.04,0.94,0.0,0.07,0.89
#2,Task8,n_iter_no_change=10,0.89,1.0,0.48,1.0,0.01,0.03,0.94,0.02,0.06,0.89
#2,Task8,nesterovs_momentum=True,0.89,0.0,0.0,1.0,0.0,0.0,0.94,0.0,0.0,0.88
#2,Task8,nesterovs_momentum=False,0.89,0.0,0.0,1.0,0.0,0.0,0.94,0.0,0.0,0.89
#2,Task8,solver='adam',0.89,0.0,0.5,1.0,0.0,0.01,0.94,0.0,0.01,0.89
#2,Task8,solver='lbfgs',0.9,0.13,0.23,0.92,0.11,0.19,0.91,0.12,0.2,0.84
#2,Task8,solver='sgd',0.89,0.0,0.0,1.0,0.0,0.0,0.94,0.0,0.0,0.89
#2,Task8,tol=0.1,0.89,0.0,0.5,1.0,0.0,0.01,0.94,0.0,0.02,0.89
#2,Task8,tol=0.001,0.89,0.0,0.0,1.0,0.0,0.0,0.94,0.0,0.0,0.88
#2,Task8,tol=1e-05,0.89,0.0,0.5,1.0,0.0,0.02,0.94,0.0,0.03,0.89
#2,Task9,activation='identity',0.84,0.53,0.67,0.98,0.14,0.35,0.9,0.22,0.46,0.82
#2,Task9,activation='logistic',0.85,0.5,0.66,0.97,0.18,0.39,0.9,0.27,0.49,0.82
#2,Task9,activation='tanh',0.83,0.59,0.7,0.98,0.09,0.36,0.9,0.15,0.47,0.82
#2,Task9,activation='relu',0.84,0.52,0.65,0.97,0.17,0.4,0.9,0.26,0.5,0.82
#2,Task9,alpha=0.1,0.85,0.46,0.64,0.96,0.2,0.41,0.9,0.28,0.5,0.82
#2,Task9,alpha=0.001,0.84,0.48,0.67,0.97,0.17,0.37,0.9,0.25,0.48,0.82
#2,Task9,alpha=1e-05,0.84,0.49,0.67,0.97,0.15,0.37,0.9,0.23,0.48,0.82
#2,Task9,batch_size=16,0.85,0.53,0.69,0.97,0.19,0.39,0.91,0.28,0.5,0.83
#2,Task9,batch_size=64,0.86,0.44,0.61,0.94,0.26,0.41,0.9,0.33,0.5,0.81
#2,Task9,batch_size=256,0.85,0.48,0.6,0.96,0.15,0.44,0.9,0.23,0.51,0.82
#2,Task9,batch_size=1024,0.84,0.48,0.68,0.97,0.17,0.38,0.9,0.25,0.49,0.82
#2,Task9,hidden_layer_sizes=(100),0.85,0.52,0.67,0.97,0.19,0.4,0.9,0.27,0.5,0.82
#2,Task9,"hidden_layer_sizes=(500,)",0.85,0.48,0.62,0.96,0.22,0.38,0.9,0.3,0.47,0.82
#2,Task9,"hidden_layer_sizes=(1000,)",0.85,0.46,0.71,0.96,0.23,0.39,0.91,0.3,0.51,0.82
#2,Task9,"hidden_layer_sizes=(100, 5)",0.85,0.47,0.64,0.96,0.21,0.41,0.9,0.29,0.5,0.82
#2,Task9,"hidden_layer_sizes=(500, 5)",0.84,0.5,0.51,0.97,0.01,0.47,0.9,0.01,0.49,0.81
#2,Task9,"hidden_layer_sizes=(1000, 5)",0.8,0.46,0.0,0.99,0.1,0.0,0.88,0.17,0.0,0.79
#2,Task9,"hidden_layer_sizes=(100, 10)",0.85,0.5,0.68,0.96,0.23,0.34,0.9,0.31,0.45,0.82
#2,Task9,"hidden_layer_sizes=(500, 10)",0.85,0.55,0.59,0.96,0.13,0.49,0.9,0.22,0.53,0.82
#2,Task9,"hidden_layer_sizes=(1000, 10)",0.86,0.4,0.55,0.91,0.32,0.36,0.88,0.35,0.44,0.79
#2,Task9,"hidden_layer_sizes=(100, 50)",0.85,0.44,0.67,0.96,0.2,0.4,0.9,0.27,0.5,0.82
#2,Task9,"hidden_layer_sizes=(500, 50)",0.86,0.42,0.6,0.94,0.21,0.48,0.9,0.28,0.53,0.81
#2,Task9,"hidden_layer_sizes=(1000, 50)",0.83,0.47,0.7,0.96,0.2,0.26,0.89,0.28,0.38,0.81
#2,Task9,"hidden_layer_sizes=(100, 100)",0.85,0.51,0.64,0.96,0.19,0.42,0.9,0.28,0.51,0.82
#2,Task9,"hidden_layer_sizes=(500, 100)",0.86,0.4,0.53,0.93,0.23,0.48,0.89,0.29,0.51,0.8
#2,Task9,"hidden_layer_sizes=(1000, 100)",0.83,0.66,0.64,0.98,0.1,0.41,0.9,0.17,0.5,0.82
#2,Task9,learning_rate='constant',0.86,0.46,0.56,0.95,0.21,0.45,0.9,0.29,0.5,0.81
#2,Task9,learning_rate='invscaling',0.85,0.5,0.65,0.97,0.18,0.4,0.9,0.27,0.49,0.82
#2,Task9,learning_rate='adaptive',0.85,0.53,0.64,0.97,0.21,0.41,0.9,0.3,0.5,0.82
#2,Task9,max_iter=10,0.84,0.5,0.64,0.97,0.15,0.43,0.9,0.24,0.51,0.82
#2,Task9,max_iter=50,0.85,0.49,0.68,0.97,0.2,0.38,0.9,0.28,0.49,0.82
#2,Task9,max_iter=250,0.84,0.52,0.72,0.97,0.18,0.37,0.9,0.27,0.49,0.82
#2,Task9,n_iter_no_change=5,0.85,0.51,0.65,0.97,0.17,0.41,0.9,0.26,0.5,0.82
#2,Task9,n_iter_no_change=10,0.84,0.46,0.74,0.97,0.17,0.34,0.9,0.25,0.47,0.82
#2,Task9,nesterovs_momentum=True,0.85,0.48,0.68,0.96,0.21,0.4,0.9,0.29,0.5,0.82
#2,Task9,nesterovs_momentum=False,0.84,0.47,0.66,0.97,0.18,0.35,0.9,0.26,0.46,0.82
#2,Task9,solver='adam',0.84,0.43,0.73,0.96,0.2,0.35,0.9,0.27,0.48,0.82
#2,Task9,solver='lbfgs',0.87,0.35,0.46,0.87,0.37,0.44,0.87,0.36,0.45,0.77
#2,Task9,solver='sgd',0.83,0.48,0.64,0.98,0.09,0.34,0.9,0.15,0.44,0.82
#2,Task9,tol=0.1,0.85,0.47,0.69,0.97,0.18,0.4,0.9,0.26,0.5,0.82
#2,Task9,tol=0.001,0.86,0.46,0.62,0.94,0.26,0.42,0.9,0.33,0.5,0.81
#2,Task9,tol=1e-05,0.84,0.5,0.68,0.97,0.17,0.39,0.9,0.25,0.5,0.82
#3,Task1,activation='identity',0.82,0.29,0.51,0.99,0.01,0.15,0.9,0.01,0.24,0.81
#3,Task1,activation='logistic',0.87,0.36,0.55,0.95,0.18,0.39,0.91,0.24,0.46,0.82
#3,Task1,activation='tanh',0.86,0.34,0.6,0.96,0.15,0.36,0.91,0.21,0.45,0.82
#3,Task1,activation='relu',0.89,0.43,0.51,0.93,0.23,0.58,0.91,0.3,0.54,0.82
#3,Task1,alpha=0.1,0.89,0.41,0.57,0.93,0.3,0.52,0.91,0.35,0.54,0.82
#3,Task1,alpha=0.001,0.88,0.38,0.58,0.93,0.29,0.4,0.9,0.33,0.47,0.82
#3,Task1,alpha=1e-05,0.87,0.42,0.6,0.95,0.26,0.37,0.91,0.32,0.46,0.82
#3,Task1,batch_size=16,0.89,0.42,0.6,0.93,0.35,0.47,0.91,0.38,0.52,0.83
#3,Task1,batch_size=64,0.86,0.4,0.6,0.96,0.13,0.42,0.91,0.2,0.5,0.83
#3,Task1,batch_size=256,0.86,0.44,0.57,0.97,0.06,0.48,0.91,0.1,0.52,0.83
#3,Task1,batch_size=1024,0.85,0.43,0.57,0.97,0.05,0.37,0.91,0.1,0.45,0.82
#3,Task1,hidden_layer_sizes=(100),0.87,0.42,0.59,0.95,0.23,0.45,0.91,0.3,0.51,0.83
#3,Task1,"hidden_layer_sizes=(500,)",0.89,0.4,0.61,0.91,0.43,0.48,0.9,0.41,0.53,0.82
#3,Task1,"hidden_layer_sizes=(1000,)",0.87,0.4,0.63,0.95,0.26,0.36,0.91,0.31,0.46,0.82
#3,Task1,"hidden_layer_sizes=(100, 5)",0.87,0.42,0.56,0.95,0.17,0.48,0.91,0.24,0.52,0.83
#3,Task1,"hidden_layer_sizes=(500, 5)",0.86,0.37,0.59,0.96,0.11,0.43,0.91,0.17,0.5,0.82
#3,Task1,"hidden_layer_sizes=(1000, 5)",0.85,0.29,0.55,0.97,0.01,0.49,0.91,0.01,0.52,0.83
#3,Task1,"hidden_layer_sizes=(100, 10)",0.85,0.4,0.63,0.98,0.05,0.42,0.91,0.08,0.5,0.83
#3,Task1,"hidden_layer_sizes=(500, 10)",0.89,0.43,0.52,0.93,0.24,0.57,0.91,0.31,0.54,0.82
#3,Task1,"hidden_layer_sizes=(1000, 10)",0.88,0.43,0.57,0.94,0.27,0.51,0.91,0.33,0.54,0.83
#3,Task1,"hidden_layer_sizes=(100, 50)",0.86,0.47,0.57,0.97,0.11,0.42,0.91,0.18,0.49,0.83
#3,Task1,"hidden_layer_sizes=(500, 50)",0.87,0.44,0.53,0.96,0.13,0.48,0.91,0.2,0.51,0.83
#3,Task1,"hidden_layer_sizes=(1000, 50)",0.87,0.44,0.54,0.95,0.1,0.54,0.91,0.17,0.54,0.83
#3,Task1,"hidden_layer_sizes=(100, 100)",0.88,0.37,0.53,0.92,0.25,0.52,0.9,0.3,0.52,0.82
#3,Task1,"hidden_layer_sizes=(500, 100)",0.87,0.41,0.61,0.95,0.19,0.45,0.91,0.26,0.52,0.83
#3,Task1,"hidden_layer_sizes=(1000, 100)",0.86,0.44,0.59,0.96,0.17,0.43,0.91,0.25,0.49,0.83
#3,Task1,learning_rate='constant',0.88,0.41,0.58,0.94,0.26,0.47,0.9,0.32,0.52,0.82
#3,Task1,learning_rate='invscaling',0.84,0.36,0.61,0.98,0.04,0.35,0.91,0.07,0.45,0.83
#3,Task1,learning_rate='adaptive',0.86,0.4,0.64,0.97,0.12,0.43,0.91,0.19,0.52,0.83
#3,Task1,max_iter=10,0.87,0.42,0.55,0.94,0.23,0.45,0.91,0.3,0.49,0.83
#3,Task1,max_iter=50,0.87,0.42,0.56,0.95,0.21,0.46,0.91,0.28,0.5,0.83
#3,Task1,max_iter=250,0.86,0.41,0.6,0.96,0.16,0.41,0.91,0.23,0.49,0.83
#3,Task1,n_iter_no_change=5,0.84,0.36,0.56,0.98,0.05,0.32,0.9,0.08,0.41,0.82
#3,Task1,n_iter_no_change=10,0.86,0.47,0.59,0.96,0.19,0.41,0.91,0.27,0.48,0.83
#3,Task1,nesterovs_momentum=True,0.87,0.4,0.58,0.94,0.24,0.42,0.91,0.3,0.49,0.82
#3,Task1,nesterovs_momentum=False,0.85,0.42,0.6,0.97,0.11,0.4,0.91,0.18,0.48,0.83
#3,Task1,solver='adam',0.88,0.43,0.57,0.94,0.23,0.51,0.91,0.3,0.54,0.83
#3,Task1,solver='lbfgs',0.88,0.38,0.57,0.93,0.23,0.52,0.91,0.29,0.55,0.82
#3,Task1,solver='sgd',0.83,0.33,0.54,0.98,0.03,0.25,0.9,0.06,0.34,0.82
#3,Task1,tol=0.1,0.85,0.44,0.55,0.97,0.12,0.35,0.91,0.19,0.43,0.82
#3,Task1,tol=0.001,0.88,0.4,0.52,0.94,0.23,0.52,0.91,0.29,0.52,0.82
#3,Task1,tol=1e-05,0.86,0.48,0.54,0.97,0.09,0.44,0.91,0.15,0.48,0.83
#3,Task2,activation='identity',0.95,0.69,0.59,0.99,0.08,0.26,0.97,0.14,0.36,0.94
#3,Task2,activation='logistic',0.94,0.77,0.5,1.0,0.07,0.09,0.97,0.13,0.15,0.94
#3,Task2,activation='tanh',0.95,0.8,0.48,1.0,0.11,0.18,0.97,0.2,0.26,0.94
#3,Task2,activation='relu',0.94,0.67,0.6,1.0,0.06,0.08,0.97,0.1,0.14,0.94
#3,Task2,alpha=0.1,0.95,0.74,0.75,1.0,0.14,0.12,0.97,0.24,0.2,0.95
#3,Task2,alpha=0.001,0.95,0.69,0.73,0.99,0.21,0.21,0.97,0.32,0.32,0.95
#3,Task2,alpha=1e-05,0.95,0.78,0.5,1.0,0.1,0.09,0.97,0.18,0.15,0.94
#3,Task2,batch_size=16,0.96,0.51,0.55,0.98,0.27,0.33,0.97,0.35,0.42,0.94
#3,Task2,batch_size=64,0.94,0.71,0.4,0.99,0.07,0.13,0.97,0.13,0.19,0.94
#3,Task2,batch_size=256,0.95,0.68,0.6,0.99,0.16,0.19,0.97,0.26,0.29,0.94
#3,Task2,batch_size=1024,0.95,0.69,0.5,1.0,0.14,0.08,0.97,0.24,0.13,0.94
#3,Task2,hidden_layer_sizes=(100),0.95,0.61,0.62,0.99,0.23,0.21,0.97,0.34,0.31,0.94
#3,Task2,"hidden_layer_sizes=(500,)",0.96,0.59,0.54,0.98,0.39,0.35,0.97,0.47,0.42,0.95
#3,Task2,"hidden_layer_sizes=(1000,)",0.94,0.43,0.71,1.0,0.04,0.06,0.97,0.08,0.12,0.94
#3,Task2,"hidden_layer_sizes=(100, 5)",0.95,0.71,0.5,1.0,0.16,0.04,0.97,0.26,0.07,0.94
#3,Task2,"hidden_layer_sizes=(500, 5)",0.94,0.0,0.0,1.0,0.0,0.0,0.97,0.0,0.0,0.94
#3,Task2,"hidden_layer_sizes=(1000, 5)",0.95,0.63,0.59,0.99,0.32,0.17,0.97,0.42,0.26,0.95
#3,Task2,"hidden_layer_sizes=(100, 10)",0.95,0.58,0.61,0.99,0.23,0.28,0.97,0.33,0.39,0.95
#3,Task2,"hidden_layer_sizes=(500, 10)",0.95,0.68,0.64,0.99,0.23,0.09,0.97,0.34,0.16,0.95
#3,Task2,"hidden_layer_sizes=(1000, 10)",0.95,0.58,0.67,0.99,0.23,0.1,0.97,0.33,0.18,0.94
#3,Task2,"hidden_layer_sizes=(100, 50)",0.95,0.77,0.6,1.0,0.12,0.12,0.97,0.21,0.19,0.94
#3,Task2,"hidden_layer_sizes=(500, 50)",0.96,0.66,0.66,0.99,0.3,0.24,0.97,0.41,0.36,0.95
#3,Task2,"hidden_layer_sizes=(1000, 50)",0.96,0.59,0.58,0.98,0.4,0.27,0.97,0.48,0.37,0.95
#3,Task2,"hidden_layer_sizes=(100, 100)",0.96,0.68,0.57,0.99,0.3,0.21,0.97,0.42,0.3,0.95
#3,Task2,"hidden_layer_sizes=(500, 100)",0.96,0.59,0.46,0.98,0.36,0.28,0.97,0.45,0.35,0.94
#3,Task2,"hidden_layer_sizes=(1000, 100)",0.95,0.76,0.52,1.0,0.09,0.14,0.97,0.16,0.22,0.94
#3,Task2,learning_rate='constant',0.95,0.75,0.56,1.0,0.11,0.13,0.97,0.19,0.21,0.94
#3,Task2,learning_rate='invscaling',0.95,0.67,0.55,0.99,0.2,0.21,0.97,0.31,0.3,0.94
#3,Task2,learning_rate='adaptive',0.94,0.71,0.5,1.0,0.09,0.04,0.97,0.15,0.07,0.94
#3,Task2,max_iter=10,0.95,0.69,0.64,1.0,0.14,0.12,0.97,0.24,0.2,0.94
#3,Task2,max_iter=50,0.95,0.8,0.53,1.0,0.11,0.13,0.97,0.2,0.21,0.94
#3,Task2,max_iter=250,0.94,0.69,0.6,1.0,0.08,0.08,0.97,0.14,0.14,0.94
#3,Task2,n_iter_no_change=5,0.95,0.65,0.53,1.0,0.11,0.13,0.97,0.18,0.21,0.94
#3,Task2,n_iter_no_change=10,0.95,0.65,0.64,0.99,0.18,0.21,0.97,0.29,0.31,0.95
#3,Task2,nesterovs_momentum=True,0.94,0.68,0.46,1.0,0.09,0.08,0.97,0.16,0.13,0.94
#3,Task2,nesterovs_momentum=False,0.95,0.73,0.55,0.99,0.13,0.23,0.97,0.23,0.32,0.94
#3,Task2,solver='adam',0.95,0.69,0.5,1.0,0.14,0.13,0.97,0.24,0.2,0.94
#3,Task2,solver='lbfgs',0.96,0.59,0.49,0.98,0.45,0.37,0.97,0.51,0.42,0.95
#3,Task2,solver='sgd',0.94,0.71,0.5,1.0,0.04,0.08,0.97,0.07,0.13,0.94
#3,Task2,tol=0.1,0.95,0.69,0.5,0.99,0.18,0.17,0.97,0.28,0.25,0.94
#3,Task2,tol=0.001,0.95,0.58,0.65,0.99,0.21,0.17,0.97,0.31,0.27,0.94
#3,Task2,tol=1e-05,0.95,0.84,0.54,1.0,0.11,0.18,0.97,0.2,0.27,0.94
#3,Task3,activation='identity',0.77,0.65,0.62,0.87,0.61,0.41,0.81,0.63,0.5,0.72
#3,Task3,activation='logistic',0.85,0.66,0.63,0.83,0.76,0.51,0.84,0.71,0.56,0.76
#3,Task3,activation='tanh',0.86,0.71,0.58,0.83,0.71,0.65,0.84,0.71,0.61,0.77
#3,Task3,activation='relu',0.84,0.67,0.6,0.83,0.72,0.56,0.83,0.7,0.58,0.76
#3,Task3,alpha=0.1,0.86,0.71,0.58,0.83,0.71,0.63,0.84,0.71,0.6,0.77
#3,Task3,alpha=0.001,0.8,0.65,0.66,0.85,0.72,0.36,0.83,0.68,0.46,0.74
#3,Task3,alpha=1e-05,0.84,0.68,0.6,0.84,0.73,0.54,0.84,0.7,0.57,0.76
#3,Task3,batch_size=16,0.84,0.71,0.57,0.83,0.7,0.61,0.84,0.7,0.59,0.76
#3,Task3,batch_size=64,0.83,0.66,0.66,0.84,0.75,0.46,0.83,0.7,0.54,0.76
#3,Task3,batch_size=256,0.83,0.66,0.62,0.84,0.72,0.51,0.83,0.69,0.56,0.75
#3,Task3,batch_size=1024,0.84,0.7,0.6,0.84,0.7,0.59,0.84,0.7,0.6,0.76
#3,Task3,hidden_layer_sizes=(100),0.84,0.68,0.6,0.84,0.71,0.56,0.84,0.69,0.58,0.76
#3,Task3,"hidden_layer_sizes=(500,)",0.87,0.7,0.57,0.82,0.72,0.66,0.84,0.71,0.61,0.77
#3,Task3,"hidden_layer_sizes=(1000,)",0.83,0.67,0.64,0.84,0.74,0.49,0.84,0.71,0.56,0.76
#3,Task3,"hidden_layer_sizes=(100, 5)",0.88,0.62,0.59,0.8,0.77,0.53,0.84,0.69,0.56,0.75
#3,Task3,"hidden_layer_sizes=(500, 5)",0.8,0.68,0.62,0.85,0.7,0.48,0.83,0.69,0.54,0.75
#3,Task3,"hidden_layer_sizes=(1000, 5)",0.91,0.66,0.58,0.8,0.79,0.64,0.85,0.72,0.61,0.77
#3,Task3,"hidden_layer_sizes=(100, 10)",0.83,0.65,0.6,0.83,0.73,0.47,0.83,0.69,0.53,0.75
#3,Task3,"hidden_layer_sizes=(500, 10)",0.84,0.7,0.59,0.83,0.71,0.6,0.83,0.7,0.59,0.76
#3,Task3,"hidden_layer_sizes=(1000, 10)",0.84,0.68,0.57,0.82,0.7,0.57,0.83,0.69,0.57,0.75
#3,Task3,"hidden_layer_sizes=(100, 50)",0.81,0.69,0.62,0.86,0.7,0.47,0.83,0.7,0.54,0.75
#3,Task3,"hidden_layer_sizes=(500, 50)",0.85,0.69,0.61,0.83,0.73,0.58,0.84,0.71,0.59,0.76
#3,Task3,"hidden_layer_sizes=(1000, 50)",0.83,0.68,0.6,0.85,0.7,0.51,0.84,0.69,0.55,0.75
#3,Task3,"hidden_layer_sizes=(100, 100)",0.8,0.71,0.6,0.86,0.67,0.52,0.83,0.69,0.56,0.75
#3,Task3,"hidden_layer_sizes=(500, 100)",0.86,0.62,0.64,0.81,0.8,0.43,0.84,0.7,0.51,0.75
#3,Task3,"hidden_layer_sizes=(1000, 100)",0.88,0.66,0.61,0.81,0.78,0.57,0.85,0.72,0.59,0.77
#3,Task3,learning_rate='constant',0.85,0.68,0.59,0.83,0.7,0.6,0.84,0.69,0.6,0.76
#3,Task3,learning_rate='invscaling',0.82,0.7,0.62,0.86,0.69,0.53,0.84,0.7,0.57,0.76
#3,Task3,learning_rate='adaptive',0.83,0.72,0.59,0.84,0.67,0.64,0.84,0.69,0.61,0.76
#3,Task3,max_iter=10,0.85,0.68,0.56,0.81,0.68,0.64,0.83,0.68,0.6,0.75
#3,Task3,max_iter=50,0.84,0.71,0.6,0.84,0.69,0.63,0.84,0.7,0.61,0.76
#3,Task3,max_iter=250,0.83,0.66,0.6,0.83,0.74,0.48,0.83,0.7,0.53,0.75
#3,Task3,n_iter_no_change=5,0.83,0.68,0.63,0.84,0.72,0.54,0.84,0.7,0.58,0.76
#3,Task3,n_iter_no_change=10,0.81,0.71,0.61,0.85,0.69,0.55,0.83,0.7,0.58,0.76
#3,Task3,nesterovs_momentum=True,0.8,0.69,0.64,0.86,0.68,0.46,0.83,0.69,0.54,0.75
#3,Task3,nesterovs_momentum=False,0.8,0.71,0.59,0.86,0.62,0.57,0.83,0.66,0.58,0.75
#3,Task3,solver='adam',0.84,0.65,0.62,0.83,0.75,0.46,0.83,0.7,0.52,0.75
#3,Task3,solver='lbfgs',0.84,0.68,0.6,0.84,0.71,0.56,0.84,0.69,0.58,0.76
#3,Task3,solver='sgd',0.75,0.68,0.6,0.87,0.56,0.46,0.81,0.61,0.52,0.72
#3,Task3,tol=0.1,0.8,0.67,0.62,0.86,0.63,0.52,0.82,0.65,0.56,0.74
#3,Task3,tol=0.001,0.83,0.64,0.66,0.83,0.74,0.46,0.83,0.69,0.54,0.75
#3,Task3,tol=1e-05,0.86,0.65,0.59,0.81,0.76,0.5,0.83,0.7,0.55,0.75
#3,Task4,activation='identity',0.75,0.57,0.55,0.84,0.33,0.65,0.79,0.42,0.6,0.68
#3,Task4,activation='logistic',0.86,0.61,0.56,0.8,0.59,0.7,0.83,0.6,0.62,0.73
#3,Task4,activation='tanh',0.88,0.62,0.55,0.79,0.59,0.76,0.83,0.6,0.64,0.73
#3,Task4,activation='relu',0.8,0.61,0.62,0.84,0.55,0.59,0.82,0.58,0.6,0.72
#3,Task4,alpha=0.1,0.83,0.58,0.65,0.83,0.66,0.53,0.83,0.62,0.58,0.73
#3,Task4,alpha=0.001,0.81,0.6,0.6,0.83,0.55,0.61,0.82,0.57,0.61,0.72
#3,Task4,alpha=1e-05,0.8,0.69,0.56,0.84,0.45,0.74,0.82,0.55,0.64,0.72
#3,Task4,batch_size=16,0.82,0.58,0.67,0.83,0.66,0.52,0.83,0.61,0.58,0.73
#3,Task4,batch_size=64,0.84,0.67,0.54,0.82,0.48,0.8,0.83,0.56,0.65,0.73
#3,Task4,batch_size=256,0.85,0.57,0.62,0.81,0.62,0.62,0.83,0.59,0.62,0.73
#3,Task4,batch_size=1024,0.78,0.62,0.62,0.86,0.51,0.59,0.82,0.56,0.6,0.72
#3,Task4,hidden_layer_sizes=(100),0.86,0.52,0.67,0.8,0.72,0.43,0.83,0.6,0.52,0.71
#3,Task4,"hidden_layer_sizes=(500,)",0.82,0.65,0.6,0.83,0.56,0.68,0.83,0.6,0.64,0.74
#3,Task4,"hidden_layer_sizes=(1000,)",0.83,0.64,0.6,0.83,0.57,0.7,0.83,0.6,0.65,0.74
#3,Task4,"hidden_layer_sizes=(100, 5)",0.86,0.65,0.57,0.81,0.58,0.76,0.83,0.61,0.65,0.74
#3,Task4,"hidden_layer_sizes=(500, 5)",0.86,0.61,0.59,0.8,0.62,0.71,0.83,0.61,0.64,0.74
#3,Task4,"hidden_layer_sizes=(1000, 5)",0.9,0.58,0.54,0.76,0.62,0.75,0.82,0.6,0.63,0.72
#3,Task4,"hidden_layer_sizes=(100, 10)",0.87,0.61,0.54,0.77,0.59,0.74,0.82,0.6,0.63,0.72
#3,Task4,"hidden_layer_sizes=(500, 10)",0.89,0.56,0.61,0.79,0.72,0.58,0.83,0.63,0.6,0.73
#3,Task4,"hidden_layer_sizes=(1000, 10)",0.84,0.61,0.59,0.82,0.58,0.68,0.83,0.59,0.63,0.73
#3,Task4,"hidden_layer_sizes=(100, 50)",0.86,0.59,0.56,0.78,0.6,0.71,0.82,0.6,0.63,0.72
#3,Task4,"hidden_layer_sizes=(500, 50)",0.87,0.61,0.56,0.8,0.61,0.7,0.83,0.61,0.62,0.73
#3,Task4,"hidden_layer_sizes=(1000, 50)",0.88,0.66,0.55,0.8,0.57,0.8,0.84,0.61,0.65,0.74
#3,Task4,"hidden_layer_sizes=(100, 100)",0.78,0.63,0.62,0.86,0.55,0.54,0.82,0.58,0.58,0.72
#3,Task4,"hidden_layer_sizes=(500, 100)",0.85,0.59,0.62,0.81,0.63,0.67,0.83,0.61,0.64,0.73
#3,Task4,"hidden_layer_sizes=(1000, 100)",0.87,0.6,0.59,0.81,0.66,0.65,0.84,0.63,0.62,0.74
#3,Task4,learning_rate='constant',0.83,0.65,0.57,0.83,0.53,0.72,0.83,0.58,0.64,0.73
#3,Task4,learning_rate='invscaling',0.83,0.6,0.62,0.82,0.61,0.61,0.83,0.6,0.61,0.73
#3,Task4,learning_rate='adaptive',0.85,0.55,0.64,0.8,0.66,0.56,0.83,0.6,0.6,0.72
#3,Task4,max_iter=10,0.8,0.61,0.55,0.83,0.46,0.67,0.82,0.52,0.61,0.71
#3,Task4,max_iter=50,0.81,0.59,0.61,0.83,0.56,0.61,0.82,0.58,0.61,0.72
#3,Task4,max_iter=250,0.83,0.61,0.61,0.82,0.6,0.65,0.83,0.61,0.63,0.73
#3,Task4,n_iter_no_change=5,0.87,0.63,0.56,0.8,0.59,0.75,0.83,0.61,0.64,0.73
#3,Task4,n_iter_no_change=10,0.84,0.58,0.61,0.81,0.65,0.59,0.83,0.61,0.6,0.73
#3,Task4,nesterovs_momentum=True,0.85,0.6,0.59,0.81,0.61,0.67,0.83,0.61,0.63,0.73
#3,Task4,nesterovs_momentum=False,0.86,0.6,0.59,0.81,0.61,0.68,0.84,0.6,0.63,0.73
#3,Task4,solver='adam',0.85,0.61,0.6,0.82,0.61,0.66,0.83,0.61,0.63,0.74
#3,Task4,solver='lbfgs',0.85,0.6,0.59,0.81,0.61,0.65,0.83,0.61,0.62,0.73
#3,Task4,solver='sgd',0.78,0.63,0.56,0.84,0.45,0.64,0.81,0.52,0.6,0.7
#3,Task4,tol=0.1,0.83,0.56,0.6,0.81,0.59,0.61,0.82,0.57,0.6,0.71
#3,Task4,tol=0.001,0.8,0.56,0.67,0.83,0.61,0.5,0.82,0.59,0.57,0.72
#3,Task4,tol=1e-05,0.87,0.6,0.57,0.79,0.62,0.69,0.83,0.61,0.63,0.73
#3,Task5,activation='identity',0.85,0.5,0.5,0.99,0.0,0.11,0.92,0.01,0.18,0.85
#3,Task5,activation='logistic',0.88,0.27,0.57,0.97,0.03,0.38,0.92,0.06,0.46,0.85
#3,Task5,activation='tanh',0.88,0.34,0.6,0.97,0.08,0.39,0.92,0.13,0.48,0.86
#3,Task5,activation='relu',0.87,0.25,0.51,0.97,0.0,0.29,0.92,0.01,0.37,0.85
#3,Task5,alpha=0.1,0.87,0.31,0.58,0.97,0.03,0.37,0.92,0.06,0.45,0.85
#3,Task5,alpha=0.001,0.87,0.38,0.62,0.97,0.09,0.28,0.92,0.15,0.39,0.85
#3,Task5,alpha=1e-05,0.87,0.8,0.56,0.98,0.02,0.35,0.92,0.03,0.43,0.85
#3,Task5,batch_size=16,0.88,0.4,0.59,0.96,0.17,0.31,0.92,0.24,0.41,0.85
#3,Task5,batch_size=64,0.86,0.25,0.51,0.98,0.0,0.16,0.92,0.01,0.24,0.85
#3,Task5,batch_size=256,0.88,0.57,0.57,0.97,0.09,0.35,0.92,0.16,0.43,0.86
#3,Task5,batch_size=1024,0.88,0.5,0.56,0.97,0.09,0.35,0.92,0.15,0.43,0.86
#3,Task5,hidden_layer_sizes=(100),0.88,0.43,0.55,0.97,0.08,0.36,0.92,0.14,0.44,0.85
#3,Task5,"hidden_layer_sizes=(500,)",0.87,0.44,0.63,0.98,0.09,0.31,0.92,0.15,0.41,0.86
#3,Task5,"hidden_layer_sizes=(1000,)",0.88,0.39,0.58,0.97,0.11,0.31,0.92,0.17,0.41,0.85
#3,Task5,"hidden_layer_sizes=(100, 5)",0.87,0.41,0.61,0.97,0.07,0.34,0.92,0.11,0.44,0.86
#3,Task5,"hidden_layer_sizes=(500, 5)",0.87,0.31,0.53,0.98,0.02,0.26,0.92,0.03,0.35,0.85
#3,Task5,"hidden_layer_sizes=(1000, 5)",0.88,0.44,0.56,0.97,0.03,0.37,0.92,0.06,0.45,0.86
#3,Task5,"hidden_layer_sizes=(100, 10)",0.89,0.38,0.5,0.95,0.14,0.43,0.92,0.2,0.46,0.85
#3,Task5,"hidden_layer_sizes=(500, 10)",0.87,0.67,0.59,0.98,0.02,0.36,0.92,0.03,0.44,0.86
#3,Task5,"hidden_layer_sizes=(1000, 10)",0.87,0.5,0.55,0.98,0.0,0.31,0.92,0.01,0.4,0.85
#3,Task5,"hidden_layer_sizes=(100, 50)",0.88,0.55,0.61,0.98,0.07,0.34,0.92,0.12,0.44,0.86
#3,Task5,"hidden_layer_sizes=(500, 50)",0.89,0.38,0.59,0.96,0.24,0.29,0.92,0.3,0.39,0.85
#3,Task5,"hidden_layer_sizes=(1000, 50)",0.88,0.45,0.56,0.96,0.12,0.37,0.92,0.2,0.45,0.86
#3,Task5,"hidden_layer_sizes=(100, 100)",0.87,0.56,0.57,0.98,0.02,0.36,0.92,0.04,0.45,0.86
#3,Task5,"hidden_layer_sizes=(500, 100)",0.87,0.0,0.54,0.97,0.0,0.34,0.92,0.0,0.42,0.85
#3,Task5,"hidden_layer_sizes=(1000, 100)",0.87,0.56,0.64,0.99,0.02,0.29,0.92,0.04,0.4,0.86
#3,Task5,learning_rate='constant',0.87,0.6,0.59,0.98,0.05,0.34,0.92,0.09,0.43,0.86
#3,Task5,learning_rate='invscaling',0.87,0.5,0.59,0.98,0.06,0.3,0.92,0.11,0.4,0.86
#3,Task5,learning_rate='adaptive',0.87,0.59,0.54,0.97,0.04,0.32,0.92,0.07,0.4,0.85
#3,Task5,max_iter=10,0.86,0.5,0.59,0.98,0.01,0.23,0.92,0.02,0.33,0.85
#3,Task5,max_iter=50,0.88,0.42,0.56,0.97,0.09,0.4,0.92,0.14,0.47,0.86
#3,Task5,max_iter=250,0.86,0.44,0.58,0.98,0.04,0.23,0.92,0.08,0.33,0.85
#3,Task5,n_iter_no_change=5,0.87,0.86,0.52,0.97,0.05,0.34,0.92,0.09,0.41,0.85
#3,Task5,n_iter_no_change=10,0.85,0.0,0.6,0.99,0.0,0.1,0.92,0.0,0.17,0.85
#3,Task5,nesterovs_momentum=True,0.87,0.33,0.57,0.97,0.06,0.32,0.92,0.1,0.41,0.85
#3,Task5,nesterovs_momentum=False,0.89,0.35,0.54,0.95,0.16,0.38,0.92,0.22,0.45,0.85
#3,Task5,solver='adam',0.88,0.45,0.58,0.97,0.09,0.33,0.92,0.15,0.42,0.86
#3,Task5,solver='lbfgs',0.89,0.41,0.52,0.95,0.16,0.39,0.92,0.23,0.45,0.85
#3,Task5,solver='sgd',0.86,0.5,0.47,0.98,0.0,0.19,0.92,0.01,0.27,0.85
#3,Task5,tol=0.1,0.86,0.29,0.57,0.99,0.01,0.16,0.92,0.02,0.25,0.85
#3,Task5,tol=0.001,0.87,0.48,0.56,0.97,0.06,0.34,0.92,0.1,0.43,0.85
#3,Task5,tol=1e-05,0.88,0.41,0.58,0.97,0.09,0.34,0.92,0.14,0.43,0.86
#3,Task6,activation='identity',0.97,0.0,0.0,1.0,0.0,0.0,0.99,0.0,0.0,0.97
#3,Task6,activation='logistic',0.97,0.0,0.0,1.0,0.0,0.0,0.99,0.0,0.0,0.97
#3,Task6,activation='tanh',0.97,0.0,0.0,1.0,0.0,0.0,0.99,0.0,0.0,0.97
#3,Task6,activation='relu',0.97,0.0,0.0,1.0,0.0,0.0,0.99,0.0,0.0,0.97
#3,Task6,alpha=0.1,0.97,0.0,0.0,1.0,0.0,0.0,0.99,0.0,0.0,0.97
#3,Task6,alpha=0.001,0.97,0.0,0.0,1.0,0.0,0.0,0.99,0.0,0.0,0.97
#3,Task6,alpha=1e-05,0.97,0.0,0.0,1.0,0.0,0.0,0.99,0.0,0.0,0.97
#3,Task6,batch_size=16,0.98,0.0,0.67,1.0,0.0,0.05,0.99,0.0,0.09,0.97
#3,Task6,batch_size=64,0.97,0.0,0.0,1.0,0.0,0.0,0.99,0.0,0.0,0.97
#3,Task6,batch_size=256,0.97,0.0,0.0,1.0,0.0,0.0,0.99,0.0,0.0,0.97
#3,Task6,batch_size=1024,0.97,0.0,0.0,1.0,0.0,0.0,0.99,0.0,0.0,0.97
#3,Task6,hidden_layer_sizes=(100),0.97,0.0,0.0,1.0,0.0,0.0,0.99,0.0,0.0,0.97
#3,Task6,"hidden_layer_sizes=(500,)",0.98,0.67,0.67,1.0,0.04,0.05,0.99,0.07,0.09,0.98
#3,Task6,"hidden_layer_sizes=(1000,)",0.97,0.0,0.0,1.0,0.0,0.0,0.99,0.0,0.0,0.97
#3,Task6,"hidden_layer_sizes=(100, 5)",0.97,0.0,0.0,1.0,0.0,0.0,0.99,0.0,0.0,0.97
#3,Task6,"hidden_layer_sizes=(500, 5)",0.97,0.0,0.0,1.0,0.0,0.0,0.99,0.0,0.0,0.97
#3,Task6,"hidden_layer_sizes=(1000, 5)",0.97,0.0,0.0,1.0,0.0,0.0,0.99,0.0,0.0,0.97
#3,Task6,"hidden_layer_sizes=(100, 10)",0.97,0.0,0.0,1.0,0.0,0.0,0.99,0.0,0.0,0.97
#3,Task6,"hidden_layer_sizes=(500, 10)",0.97,0.0,0.0,1.0,0.0,0.0,0.99,0.0,0.0,0.97
#3,Task6,"hidden_layer_sizes=(1000, 10)",0.97,0.0,0.0,1.0,0.0,0.0,0.99,0.0,0.0,0.97
#3,Task6,"hidden_layer_sizes=(100, 50)",0.97,0.0,0.0,1.0,0.0,0.0,0.99,0.0,0.0,0.97
#3,Task6,"hidden_layer_sizes=(500, 50)",0.97,0.0,0.0,1.0,0.0,0.0,0.99,0.0,0.0,0.97
#3,Task6,"hidden_layer_sizes=(1000, 50)",0.97,0.0,0.0,1.0,0.0,0.0,0.99,0.0,0.0,0.97
#3,Task6,"hidden_layer_sizes=(100, 100)",0.97,0.0,1.0,1.0,0.0,0.02,0.99,0.0,0.05,0.97
#3,Task6,"hidden_layer_sizes=(500, 100)",0.97,0.0,0.0,1.0,0.0,0.0,0.99,0.0,0.0,0.97
#3,Task6,"hidden_layer_sizes=(1000, 100)",0.98,0.5,0.33,1.0,0.06,0.07,0.99,0.11,0.12,0.97
#3,Task6,learning_rate='constant',0.97,0.0,0.0,1.0,0.0,0.0,0.99,0.0,0.0,0.97
#3,Task6,learning_rate='invscaling',0.97,0.0,0.0,1.0,0.0,0.0,0.99,0.0,0.0,0.97
#3,Task6,learning_rate='adaptive',0.97,0.0,0.0,1.0,0.0,0.0,0.99,0.0,0.0,0.97
#3,Task6,max_iter=10,0.97,0.0,0.0,1.0,0.0,0.0,0.99,0.0,0.0,0.97
#3,Task6,max_iter=50,0.97,0.0,0.0,1.0,0.0,0.0,0.99,0.0,0.0,0.97
#3,Task6,max_iter=250,0.97,0.0,0.0,1.0,0.0,0.0,0.99,0.0,0.0,0.97
#3,Task6,n_iter_no_change=5,0.97,0.0,0.0,1.0,0.0,0.0,0.99,0.0,0.0,0.97
#3,Task6,n_iter_no_change=10,0.97,0.0,0.0,1.0,0.0,0.0,0.99,0.0,0.0,0.97
#3,Task6,nesterovs_momentum=True,0.97,0.0,0.0,1.0,0.0,0.0,0.99,0.0,0.0,0.97
#3,Task6,nesterovs_momentum=False,0.97,0.0,0.0,1.0,0.0,0.0,0.99,0.0,0.0,0.97
#3,Task6,solver='adam',0.97,0.0,0.0,1.0,0.0,0.0,0.99,0.0,0.0,0.97
#3,Task6,solver='lbfgs',0.98,0.18,0.28,0.99,0.1,0.17,0.98,0.13,0.21,0.97
#3,Task6,solver='sgd',0.97,0.0,0.0,1.0,0.0,0.0,0.99,0.0,0.0,0.97
#3,Task6,tol=0.1,0.97,0.0,0.0,1.0,0.0,0.0,0.99,0.0,0.0,0.97
#3,Task6,tol=0.001,0.97,0.0,0.0,1.0,0.0,0.0,0.99,0.0,0.0,0.97
#3,Task6,tol=1e-05,0.97,0.0,0.0,1.0,0.0,0.0,0.99,0.0,0.0,0.97
#3,Task7,activation='identity',0.93,0.0,0.58,1.0,0.0,0.07,0.96,0.0,0.13,0.92
#3,Task7,activation='logistic',0.92,0.0,0.0,1.0,0.0,0.0,0.96,0.0,0.0,0.92
#3,Task7,activation='tanh',0.93,0.33,0.62,1.0,0.01,0.1,0.96,0.02,0.17,0.93
#3,Task7,activation='relu',0.94,0.31,0.54,0.99,0.06,0.18,0.96,0.09,0.27,0.93
#3,Task7,alpha=0.1,0.93,0.5,0.5,0.99,0.03,0.14,0.96,0.06,0.22,0.93
#3,Task7,alpha=0.001,0.94,0.36,0.6,0.99,0.06,0.2,0.96,0.1,0.3,0.93
#3,Task7,alpha=1e-05,0.94,0.26,0.42,0.99,0.08,0.19,0.96,0.12,0.26,0.92
#3,Task7,batch_size=16,0.93,0.27,0.39,0.99,0.09,0.07,0.96,0.13,0.12,0.92
#3,Task7,batch_size=64,0.93,0.5,0.57,0.99,0.01,0.16,0.96,0.02,0.26,0.93
#3,Task7,batch_size=256,0.93,0.5,0.65,1.0,0.03,0.11,0.96,0.06,0.18,0.93
#3,Task7,batch_size=1024,0.92,0.0,0.0,1.0,0.0,0.0,0.96,0.0,0.0,0.92
#3,Task7,hidden_layer_sizes=(100),0.93,0.38,0.59,1.0,0.03,0.09,0.96,0.06,0.16,0.93
#3,Task7,"hidden_layer_sizes=(500,)",0.94,0.33,0.56,0.99,0.01,0.22,0.96,0.02,0.32,0.93
#3,Task7,"hidden_layer_sizes=(1000,)",0.94,0.28,0.49,0.99,0.09,0.14,0.96,0.13,0.22,0.92
#3,Task7,"hidden_layer_sizes=(100, 5)",0.92,0.0,0.0,1.0,0.0,0.0,0.96,0.0,0.0,0.92
#3,Task7,"hidden_layer_sizes=(500, 5)",0.94,0.0,0.42,0.98,0.0,0.33,0.96,0.0,0.37,0.92
#3,Task7,"hidden_layer_sizes=(1000, 5)",0.92,0.0,0.0,1.0,0.0,0.0,0.96,0.0,0.0,0.92
#3,Task7,"hidden_layer_sizes=(100, 10)",0.94,0.0,0.49,0.99,0.0,0.23,0.96,0.0,0.32,0.93
#3,Task7,"hidden_layer_sizes=(500, 10)",0.95,0.62,0.46,0.98,0.06,0.35,0.96,0.1,0.4,0.93
#3,Task7,"hidden_layer_sizes=(1000, 10)",0.93,0.0,0.44,0.99,0.0,0.09,0.96,0.0,0.15,0.92
#3,Task7,"hidden_layer_sizes=(100, 50)",0.93,0.33,0.53,1.0,0.01,0.09,0.96,0.02,0.15,0.93
#3,Task7,"hidden_layer_sizes=(500, 50)",0.93,0.0,0.68,1.0,0.0,0.11,0.96,0.0,0.19,0.93
#3,Task7,"hidden_layer_sizes=(1000, 50)",0.94,0.4,0.51,0.99,0.04,0.3,0.96,0.08,0.38,0.93
#3,Task7,"hidden_layer_sizes=(100, 100)",0.93,0.5,0.55,1.0,0.01,0.06,0.96,0.02,0.11,0.93
#3,Task7,"hidden_layer_sizes=(500, 100)",0.93,0.5,0.58,1.0,0.04,0.08,0.96,0.08,0.14,0.93
#3,Task7,"hidden_layer_sizes=(1000, 100)",0.94,0.3,0.5,0.99,0.07,0.15,0.96,0.11,0.23,0.93
#3,Task7,learning_rate='constant',0.93,1.0,0.5,1.0,0.01,0.08,0.96,0.02,0.14,0.92
#3,Task7,learning_rate='invscaling',0.94,0.36,0.55,0.99,0.04,0.22,0.96,0.08,0.31,0.93
#3,Task7,learning_rate='adaptive',0.94,0.6,0.52,0.99,0.03,0.23,0.96,0.06,0.32,0.93
#3,Task7,max_iter=10,0.92,0.17,0.38,1.0,0.01,0.02,0.96,0.02,0.03,0.92
#3,Task7,max_iter=50,0.92,0.0,0.0,1.0,0.0,0.0,0.96,0.0,0.0,0.92
#3,Task7,max_iter=250,0.92,0.0,0.0,1.0,0.0,0.0,0.96,0.0,0.0,0.92
#3,Task7,n_iter_no_change=5,0.93,0.4,0.47,0.99,0.02,0.15,0.96,0.04,0.23,0.93
#3,Task7,n_iter_no_change=10,0.93,0.33,0.53,0.99,0.03,0.12,0.96,0.06,0.2,0.93
#3,Task7,nesterovs_momentum=True,0.93,0.4,0.61,1.0,0.02,0.13,0.96,0.04,0.22,0.93
#3,Task7,nesterovs_momentum=False,0.93,0.38,0.56,1.0,0.03,0.13,0.96,0.06,0.21,0.93
#3,Task7,solver='adam',0.93,0.33,0.51,1.0,0.01,0.11,0.96,0.02,0.18,0.93
#3,Task7,solver='lbfgs',0.95,0.14,0.46,0.98,0.08,0.3,0.96,0.1,0.37,0.92
#3,Task7,solver='sgd',0.92,0.0,0.0,1.0,0.0,0.0,0.96,0.0,0.0,0.92
#3,Task7,tol=0.1,0.93,0.25,0.55,1.0,0.01,0.11,0.96,0.02,0.19,0.93
#3,Task7,tol=0.001,0.93,0.33,0.56,1.0,0.02,0.1,0.96,0.04,0.17,0.93
#3,Task7,tol=1e-05,0.93,0.27,0.55,0.99,0.03,0.14,0.96,0.06,0.22,0.93
#3,Task8,activation='identity',0.89,0.0,0.44,1.0,0.0,0.02,0.94,0.0,0.05,0.89
#3,Task8,activation='logistic',0.89,0.0,0.0,1.0,0.0,0.0,0.94,0.0,0.0,0.89
#3,Task8,activation='tanh',0.89,0.33,0.54,1.0,0.02,0.04,0.94,0.04,0.08,0.89
#3,Task8,activation='relu',0.89,0.0,0.5,1.0,0.0,0.0,0.94,0.0,0.01,0.89
#3,Task8,alpha=0.1,0.9,0.25,0.55,0.99,0.05,0.11,0.94,0.09,0.18,0.89
#3,Task8,alpha=0.001,0.89,0.57,0.4,0.99,0.04,0.05,0.94,0.08,0.09,0.89
#3,Task8,alpha=1e-05,0.89,0.0,0.25,1.0,0.0,0.0,0.94,0.0,0.01,0.89
#3,Task8,batch_size=16,0.89,0.5,0.45,0.99,0.05,0.06,0.94,0.1,0.11,0.89
#3,Task8,batch_size=64,0.89,0.14,0.75,1.0,0.01,0.02,0.94,0.02,0.04,0.89
#3,Task8,batch_size=256,0.89,0.56,0.6,1.0,0.05,0.06,0.94,0.1,0.1,0.89
#3,Task8,batch_size=1024,0.89,0.4,0.5,1.0,0.02,0.02,0.94,0.04,0.03,0.89
#3,Task8,hidden_layer_sizes=(100),0.89,0.42,0.58,1.0,0.05,0.03,0.94,0.1,0.06,0.89
#3,Task8,"hidden_layer_sizes=(500,)",0.91,0.3,0.46,0.97,0.1,0.25,0.94,0.15,0.33,0.88
#3,Task8,"hidden_layer_sizes=(1000,)",0.91,0.26,0.39,0.97,0.15,0.19,0.94,0.19,0.25,0.88
#3,Task8,"hidden_layer_sizes=(100, 5)",0.89,0.0,0.45,0.99,0.0,0.1,0.94,0.0,0.16,0.89
#3,Task8,"hidden_layer_sizes=(500, 5)",0.89,0.0,0.67,1.0,0.0,0.01,0.94,0.0,0.01,0.89
#3,Task8,"hidden_layer_sizes=(1000, 5)",0.89,0.0,0.0,1.0,0.0,0.0,0.94,0.0,0.0,0.89
#3,Task8,"hidden_layer_sizes=(100, 10)",0.89,0.0,0.5,1.0,0.0,0.0,0.94,0.0,0.01,0.89
#3,Task8,"hidden_layer_sizes=(500, 10)",0.89,1.0,0.0,1.0,0.02,0.0,0.94,0.04,0.0,0.89
#3,Task8,"hidden_layer_sizes=(1000, 10)",0.9,0.33,0.47,0.99,0.04,0.13,0.94,0.08,0.21,0.89
#3,Task8,"hidden_layer_sizes=(100, 50)",0.89,0.17,0.53,0.99,0.02,0.07,0.94,0.04,0.12,0.89
#3,Task8,"hidden_layer_sizes=(500, 50)",0.89,0.0,0.56,1.0,0.0,0.02,0.94,0.0,0.03,0.89
#3,Task8,"hidden_layer_sizes=(1000, 50)",0.89,0.0,0.33,1.0,0.0,0.0,0.94,0.0,0.01,0.89
#3,Task8,"hidden_layer_sizes=(100, 100)",0.91,0.33,0.42,0.98,0.02,0.21,0.94,0.04,0.28,0.88
#3,Task8,"hidden_layer_sizes=(500, 100)",0.89,0.0,0.37,0.99,0.0,0.05,0.94,0.0,0.09,0.88
#3,Task8,"hidden_layer_sizes=(1000, 100)",0.89,0.0,0.29,1.0,0.0,0.01,0.94,0.0,0.02,0.88
#3,Task8,learning_rate='constant',0.89,0.53,0.47,1.0,0.09,0.03,0.94,0.15,0.05,0.89
#3,Task8,learning_rate='invscaling',0.89,1.0,0.36,0.99,0.02,0.07,0.94,0.04,0.11,0.88
#3,Task8,learning_rate='adaptive',0.89,0.47,0.51,0.99,0.08,0.06,0.94,0.13,0.1,0.89
#3,Task8,max_iter=10,0.89,0.0,0.69,1.0,0.0,0.03,0.94,0.0,0.05,0.89
#3,Task8,max_iter=50,0.89,0.33,0.44,0.99,0.07,0.06,0.94,0.11,0.1,0.89
#3,Task8,max_iter=250,0.89,0.0,0.43,1.0,0.0,0.03,0.94,0.0,0.05,0.88
#3,Task8,n_iter_no_change=5,0.89,0.0,0.2,1.0,0.0,0.01,0.94,0.0,0.02,0.88
#3,Task8,n_iter_no_change=10,0.89,0.56,0.65,1.0,0.05,0.05,0.94,0.1,0.09,0.89
#3,Task8,nesterovs_momentum=True,0.89,0.0,0.0,1.0,0.0,0.0,0.94,0.0,0.0,0.88
#3,Task8,nesterovs_momentum=False,0.89,0.0,0.27,1.0,0.0,0.01,0.94,0.0,0.02,0.88
#3,Task8,solver='adam',0.9,0.21,0.51,0.99,0.05,0.07,0.94,0.09,0.12,0.89
#3,Task8,solver='lbfgs',0.91,0.17,0.38,0.97,0.09,0.19,0.94,0.12,0.26,0.88
#3,Task8,solver='sgd',0.89,0.0,0.5,1.0,0.0,0.0,0.94,0.0,0.01,0.89
#3,Task8,tol=0.1,0.89,0.32,0.5,0.99,0.07,0.05,0.94,0.11,0.1,0.89
#3,Task8,tol=0.001,0.89,0.33,0.43,1.0,0.01,0.03,0.94,0.02,0.06,0.88
#3,Task8,tol=1e-05,0.89,0.5,0.38,1.0,0.01,0.02,0.94,0.02,0.05,0.89
#3,Task9,activation='identity',0.83,0.53,0.57,0.98,0.14,0.27,0.9,0.22,0.36,0.81
#3,Task9,activation='logistic',0.86,0.43,0.52,0.95,0.24,0.35,0.9,0.3,0.42,0.81
#3,Task9,activation='tanh',0.85,0.47,0.54,0.96,0.17,0.4,0.9,0.25,0.46,0.82
#3,Task9,activation='relu',0.86,0.42,0.68,0.95,0.29,0.39,0.9,0.34,0.49,0.82
#3,Task9,alpha=0.1,0.85,0.47,0.55,0.97,0.14,0.43,0.91,0.21,0.48,0.82
#3,Task9,alpha=0.001,0.86,0.47,0.61,0.96,0.25,0.42,0.91,0.33,0.5,0.82
#3,Task9,alpha=1e-05,0.86,0.46,0.64,0.96,0.29,0.32,0.91,0.35,0.43,0.82
#3,Task9,batch_size=16,0.85,0.48,0.54,0.96,0.13,0.46,0.9,0.21,0.5,0.81
#3,Task9,batch_size=64,0.88,0.47,0.62,0.94,0.34,0.43,0.91,0.39,0.51,0.82
#3,Task9,batch_size=256,0.87,0.46,0.62,0.95,0.29,0.42,0.91,0.35,0.5,0.82
#3,Task9,batch_size=1024,0.84,0.47,0.52,0.97,0.13,0.3,0.9,0.2,0.38,0.81
#3,Task9,hidden_layer_sizes=(100),0.86,0.47,0.61,0.96,0.19,0.48,0.91,0.27,0.54,0.82
#3,Task9,"hidden_layer_sizes=(500,)",0.85,0.43,0.66,0.97,0.2,0.35,0.9,0.27,0.45,0.82
#3,Task9,"hidden_layer_sizes=(1000,)",0.88,0.47,0.51,0.93,0.28,0.57,0.9,0.35,0.54,0.82
#3,Task9,"hidden_layer_sizes=(100, 5)",0.88,0.43,0.68,0.93,0.37,0.42,0.9,0.39,0.52,0.82
#3,Task9,"hidden_layer_sizes=(500, 5)",0.84,0.53,0.56,0.98,0.1,0.33,0.9,0.16,0.41,0.81
#3,Task9,"hidden_layer_sizes=(1000, 5)",0.86,0.41,0.58,0.96,0.23,0.32,0.91,0.29,0.41,0.81
#3,Task9,"hidden_layer_sizes=(100, 10)",0.87,0.45,0.58,0.95,0.28,0.44,0.91,0.35,0.5,0.82
#3,Task9,"hidden_layer_sizes=(500, 10)",0.87,0.49,0.62,0.96,0.27,0.42,0.91,0.35,0.5,0.83
#3,Task9,"hidden_layer_sizes=(1000, 10)",0.87,0.52,0.54,0.96,0.23,0.45,0.91,0.32,0.49,0.82
#3,Task9,"hidden_layer_sizes=(100, 50)",0.87,0.48,0.58,0.95,0.2,0.54,0.91,0.28,0.56,0.83
#3,Task9,"hidden_layer_sizes=(500, 50)",0.87,0.49,0.57,0.94,0.27,0.5,0.91,0.35,0.53,0.82
#3,Task9,"hidden_layer_sizes=(1000, 50)",0.89,0.47,0.53,0.93,0.31,0.55,0.91,0.37,0.54,0.82
#3,Task9,"hidden_layer_sizes=(100, 100)",0.88,0.41,0.65,0.93,0.35,0.43,0.9,0.38,0.52,0.81
#3,Task9,"hidden_layer_sizes=(500, 100)",0.85,0.53,0.61,0.97,0.16,0.45,0.91,0.25,0.51,0.82
#3,Task9,"hidden_layer_sizes=(1000, 100)",0.86,0.49,0.56,0.95,0.22,0.46,0.91,0.31,0.51,0.82
#3,Task9,learning_rate='constant',0.86,0.47,0.63,0.96,0.21,0.42,0.91,0.29,0.51,0.82
#3,Task9,learning_rate='invscaling',0.86,0.46,0.68,0.96,0.24,0.37,0.91,0.31,0.48,0.82
#3,Task9,learning_rate='adaptive',0.85,0.48,0.59,0.97,0.14,0.44,0.91,0.22,0.5,0.82
#3,Task9,max_iter=10,0.86,0.5,0.56,0.96,0.18,0.47,0.91,0.27,0.51,0.82
#3,Task9,max_iter=50,0.86,0.51,0.63,0.97,0.21,0.42,0.91,0.3,0.5,0.83
#3,Task9,max_iter=250,0.86,0.48,0.61,0.96,0.19,0.46,0.91,0.27,0.52,0.82
#3,Task9,n_iter_no_change=5,0.85,0.47,0.6,0.97,0.16,0.43,0.91,0.23,0.5,0.82
#3,Task9,n_iter_no_change=10,0.86,0.43,0.67,0.96,0.22,0.36,0.91,0.29,0.47,0.82
#3,Task9,nesterovs_momentum=True,0.87,0.47,0.58,0.95,0.28,0.48,0.91,0.35,0.52,0.82
#3,Task9,nesterovs_momentum=False,0.86,0.45,0.62,0.96,0.2,0.41,0.91,0.28,0.49,0.82
#3,Task9,solver='adam',0.85,0.48,0.63,0.97,0.17,0.41,0.91,0.26,0.49,0.82
#3,Task9,solver='lbfgs',0.87,0.44,0.57,0.94,0.29,0.45,0.9,0.35,0.5,0.81
#3,Task9,solver='sgd',0.84,0.5,0.56,0.97,0.14,0.32,0.9,0.21,0.4,0.81
#3,Task9,tol=0.1,0.84,0.46,0.6,0.97,0.12,0.38,0.9,0.19,0.47,0.82
#3,Task9,tol=0.001,0.85,0.45,0.6,0.97,0.17,0.41,0.91,0.24,0.48,0.82
#3,Task9,tol=1e-05,0.87,0.47,0.62,0.94,0.3,0.48,0.91,0.37,0.54,0.83
